rule,support,confidence
蒙古烤羊腿---凉拌菠菜,0.083,0.51
芹菜炒腰花---凉拌菠菜,0.07,0.58
芹菜炒腰花---焖猪手,0.065,0.545
芹菜炒腰花---自制猪肉脯,0.061,0.509
焖猪手---芹菜炒腰花---自制猪肉脯,0.048,0.738
焖猪手---自制猪肉脯---芹菜炒腰花,0.048,0.714
自制猪肉脯---芹菜炒腰花---焖猪手,0.048,0.789
蒙古烤羊腿---辣炒鱿鱼---凉拌菠菜,0.047,0.759
凉拌菠菜---蒙古烤羊腿---辣炒鱿鱼,0.047,0.571
凉拌菠菜---自制猪肉脯---芹菜炒腰花,0.044,0.651
凉拌菠菜---芹菜炒腰花---自制猪肉脯,0.044,0.631
自制猪肉脯---芹菜炒腰花---凉拌菠菜,0.044,0.719
焖猪手---辣炒鱿鱼---凉拌菠菜,0.043,0.714
焖猪手---芹菜炒腰花---凉拌菠菜,0.043,0.656
凉拌菠菜---芹菜炒腰花---焖猪手,0.043,0.615
自制猪肉脯---辣炒鱿鱼---凉拌菠菜,0.041,0.691
芹菜炒腰花---辣炒鱿鱼---凉拌菠菜,0.041,0.776
凉拌菠菜---芹菜炒腰花---辣炒鱿鱼,0.041,0.585
凉拌菠菜---自制猪肉脯---辣炒鱿鱼,0.041,0.603
凉拌菠菜---自制猪肉脯---焖猪手,0.041,0.603
焖猪手---自制猪肉脯---凉拌菠菜,0.041,0.603
自制猪肉脯---芹菜炒腰花---辣炒鱿鱼,0.036,0.596
自制猪肉脯---辣炒鱿鱼---焖猪手,0.036,0.618
自制猪肉脯---辣炒鱿鱼---芹菜炒腰花,0.036,0.618
焖猪手---自制猪肉脯---辣炒鱿鱼,0.036,0.54
芹菜炒腰花---辣炒鱿鱼---自制猪肉脯,0.036,0.694
焖猪手---辣炒鱿鱼---自制猪肉脯,0.036,0.607
辣炒鱿鱼---麻辣小龙虾---凉拌菠菜,0.036,0.694
焖猪手---辣炒鱿鱼---芹菜炒腰花,0.035,0.589
自制猪肉脯---谷稻小庄---焖猪手,0.035,0.55
芹菜炒腰花---辣炒鱿鱼---焖猪手,0.035,0.673
焖猪手---芹菜炒腰花---辣炒鱿鱼,0.035,0.541
焖猪手---自制猪肉脯---谷稻小庄,0.035,0.524
焖猪手---谷稻小庄---自制猪肉脯,0.035,0.611
凉拌菠菜---自制猪肉脯---芹菜炒腰花---焖猪手,0.034,0.78
凉拌菠菜---剁椒鱼头---辣炒鱿鱼,0.034,0.533
焖猪手---蒙古烤羊腿---凉拌菠菜,0.034,0.821
凉拌菠菜---焖猪手---芹菜炒腰花---自制猪肉脯,0.034,0.8
剁椒鱼头---辣炒鱿鱼---凉拌菠菜,0.034,0.681
凉拌菠菜---焖猪手---自制猪肉脯---芹菜炒腰花,0.034,0.842
焖猪手---自制猪肉脯---芹菜炒腰花---凉拌菠菜,0.034,0.711
焖猪手---爆炒猪肝---芹菜炒腰花,0.033,0.66
爆炒猪肝---芹菜炒腰花---焖猪手,0.033,0.775
焖猪手---芹菜炒腰花---爆炒猪肝,0.033,0.508
焖猪手---豌豆薯仔猪骨汤---凉拌菠菜,0.032,0.638
凉拌菠菜---爆炒猪肝---芹菜炒腰花,0.032,0.536
凉拌菠菜---豌豆薯仔猪骨汤---焖猪手,0.032,0.652
自制猪肉脯---芹菜炒腰花---谷稻小庄,0.032,0.526
爆炒猪肝---芹菜炒腰花---自制猪肉脯,0.032,0.75
剁椒鱼头---蒙古烤羊腿---凉拌菠菜,0.032,0.789
爆炒猪肝---自制猪肉脯---芹菜炒腰花,0.032,0.75
孜然羊排---蒙古烤羊腿---凉拌菠菜,0.032,0.652
自制猪肉脯---芹菜炒腰花---爆炒猪肝,0.032,0.526
芹菜炒腰花---谷稻小庄---自制猪肉脯,0.032,0.698
凉拌菠菜---孜然羊排---蒙古烤羊腿,0.032,0.536
蒙古烤羊腿---麻辣小龙虾---凉拌菠菜,0.032,0.638
爆炒猪肝---芹菜炒腰花---凉拌菠菜,0.032,0.75
焖猪手---自制猪肉脯---芹菜炒腰花---辣炒鱿鱼,0.031,0.644
剁椒鱼头---焖猪手---凉拌菠菜,0.031,0.659
焖猪手---蒙古烤羊腿---辣炒鱿鱼,0.031,0.744
焖猪手---爆炒猪肝---自制猪肉脯,0.031,0.617
焖猪手---辣炒鱿鱼---蒙古烤羊腿,0.031,0.518
焖猪手---自制猪肉脯---辣炒鱿鱼---芹菜炒腰花,0.031,0.853
焖猪手---芹菜炒腰花---辣炒鱿鱼---自制猪肉脯,0.031,0.879
爆炒猪肝---自制猪肉脯---焖猪手,0.031,0.725
焖猪手---谷稻小庄---凉拌菠菜,0.031,0.537
自制猪肉脯---芹菜炒腰花---辣炒鱿鱼---焖猪手,0.031,0.853
凉拌菠菜---芹菜炒腰花---辣炒鱿鱼---自制猪肉脯,0.03,0.737
凉拌菠菜---芹菜炒腰花---辣炒鱿鱼---焖猪手,0.03,0.737
自制猪肉脯---芹菜炒腰花---辣炒鱿鱼---凉拌菠菜,0.03,0.824
凉拌菠菜---自制猪肉脯---辣炒鱿鱼---芹菜炒腰花,0.03,0.737
自制猪肉脯---辣炒鱿鱼---谷稻小庄,0.03,0.509
水煮鱼---谷稻小庄---辣炒鱿鱼,0.03,0.56
焖猪手---芹菜炒腰花---辣炒鱿鱼---凉拌菠菜,0.03,0.848
凉拌菠菜---焖猪手---辣炒鱿鱼---芹菜炒腰花,0.03,0.7
凉拌菠菜---自制猪肉脯---芹菜炒腰花---辣炒鱿鱼,0.03,0.683
凉拌菠菜---焖猪手---芹菜炒腰花---辣炒鱿鱼,0.03,0.7
焖猪手---爆炒猪肝---凉拌菠菜,0.03,0.596
剁椒鱼头---焖猪手---芹菜炒腰花,0.029,0.614
凉拌菠菜---豌豆薯仔猪骨汤---辣炒鱿鱼,0.029,0.587
剁椒鱼头---芹菜炒腰花---焖猪手,0.029,0.771
豌豆薯仔猪骨汤---辣炒鱿鱼---凉拌菠菜,0.029,0.794
爆炒猪肝---自制猪肉脯---凉拌菠菜,0.029,0.675
剁椒鱼头---辣炒鱿鱼---蒙古烤羊腿,0.029,0.574
蒙古烤羊腿---谷稻小庄---凉拌菠菜,0.029,0.551
焖猪手---香酥两吃大虾---凉拌菠菜,0.029,0.551
辣炒鱿鱼---麻辣小龙虾---蒙古烤羊腿,0.029,0.551
剁椒鱼头---蒙古烤羊腿---辣炒鱿鱼,0.029,0.711
蒙古烤羊腿---麻辣小龙虾---辣炒鱿鱼,0.029,0.574
凉拌菠菜---焖猪手---辣炒鱿鱼---自制猪肉脯,0.028,0.65
爆炒猪肝---自制猪肉脯---芹菜炒腰花---焖猪手,0.028,0.867
焖猪手---爆炒猪肝---自制猪肉脯---芹菜炒腰花,0.028,0.897
芹菜炒腰花---谷稻小庄---凉拌菠菜,0.028,0.605
凉拌菠菜---自制猪肉脯---辣炒鱿鱼---焖猪手,0.028,0.684
凉拌菠菜---焖猪手---自制猪肉脯---辣炒鱿鱼,0.028,0.684
剁椒鱼头---自制猪肉脯---凉拌菠菜,0.028,0.703
焖猪手---自制猪肉脯---辣炒鱿鱼---凉拌菠菜,0.028,0.765
焖猪手---爆炒猪肝---芹菜炒腰花---自制猪肉脯,0.028,0.839
剁椒鱼头---芹菜炒腰花---凉拌菠菜,0.028,0.743
辣炒鱿鱼---香酥两吃大虾---凉拌菠菜,0.028,0.65
焖猪手---自制猪肉脯---芹菜炒腰花---爆炒猪肝,0.028,0.578
芹菜炒腰花---谷稻小庄---焖猪手,0.028,0.605
爆炒猪肝---辣炒鱿鱼---凉拌菠菜,0.027,0.658
芹菜炒腰花---蒙古烤羊腿---凉拌菠菜,0.027,0.806
凉拌菠菜---焖猪手---蒙古烤羊腿---辣炒鱿鱼,0.027,0.781
凉拌菠菜---焖猪手---辣炒鱿鱼---蒙古烤羊腿,0.027,0.625
焖猪手---芹菜炒腰花---谷稻小庄---自制猪肉脯,0.027,0.962
自制猪肉脯---芝士烩波士顿龙虾---焖猪手,0.027,0.694
焖猪手---自制猪肉脯---谷稻小庄---芹菜炒腰花,0.027,0.758
焖猪手---蒙古烤羊腿---辣炒鱿鱼---凉拌菠菜,0.027,0.862
剁椒鱼头---焖猪手---辣炒鱿鱼,0.027,0.568
剁椒鱼头---辣炒鱿鱼---焖猪手,0.027,0.532
自制猪肉脯---芹菜炒腰花---谷稻小庄---焖猪手,0.027,0.833
凉拌菠菜---蒙古烤羊腿---辣炒鱿鱼---焖猪手,0.027,0.568
焖猪手---自制猪肉脯---芹菜炒腰花---谷稻小庄,0.027,0.556
凉拌菠菜---姜葱炒花蟹---辣炒鱿鱼,0.026,0.585
剁椒鱼头---自制猪肉脯---芹菜炒腰花,0.026,0.649
蒙古烤羊腿---豌豆薯仔猪骨汤---凉拌菠菜,0.026,0.774
姜葱炒花蟹---辣炒鱿鱼---凉拌菠菜,0.026,0.774
凉拌菠菜---豌豆薯仔猪骨汤---蒙古烤羊腿,0.026,0.522
芹菜炒腰花---谷稻小庄---辣炒鱿鱼,0.026,0.558
焖猪手---豌豆薯仔猪骨汤---自制猪肉脯,0.026,0.511
焖猪手---自制猪肉脯---芹菜炒腰花---辣炒鱿鱼---凉拌菠菜,0.026,0.828
剁椒鱼头---蒙古烤羊腿---辣炒鱿鱼---凉拌菠菜,0.026,0.889
剁椒鱼头---芹菜炒腰花---自制猪肉脯,0.026,0.686
凉拌菠菜---焖猪手---自制猪肉脯---辣炒鱿鱼---芹菜炒腰花,0.026,0.923
凉拌菠菜---焖猪手---芹菜炒腰花---辣炒鱿鱼---自制猪肉脯,0.026,0.857
自制猪肉脯---豌豆薯仔猪骨汤---焖猪手,0.026,0.75
凉拌菠菜---剁椒鱼头---辣炒鱿鱼---蒙古烤羊腿,0.026,0.75
凉拌菠菜---剁椒鱼头---蒙古烤羊腿---辣炒鱿鱼,0.026,0.8
凉拌菠菜---蒙古烤羊腿---辣炒鱿鱼---剁椒鱼头,0.026,0.545
凉拌菠菜---自制猪肉脯---芹菜炒腰花---辣炒鱿鱼---焖猪手,0.026,0.857
凉拌菠菜---焖猪手---自制猪肉脯---芹菜炒腰花---辣炒鱿鱼,0.026,0.75
剁椒鱼头---自制猪肉脯---辣炒鱿鱼,0.025,0.622
自制猪肉脯---蒙古烤羊腿---辣炒鱿鱼,0.025,0.719
凉拌菠菜---蒙古烤羊腿---辣炒鱿鱼---麻辣小龙虾,0.025,0.523
焖猪手---爆炒猪肝---芹菜炒腰花---凉拌菠菜,0.025,0.742
水煮鱼---焖猪手---辣炒鱿鱼,0.025,0.561
芹菜炒腰花---豌豆薯仔猪骨汤---焖猪手,0.025,0.885
凉拌菠菜---焖猪手---芹菜炒腰花---爆炒猪肝,0.025,0.575
芹菜炒腰花---香酥两吃大虾---焖猪手,0.025,0.719
焖猪手---麻辣小龙虾---凉拌菠菜,0.025,0.575
蒙古烤羊腿---辣炒鱿鱼---麻辣小龙虾---凉拌菠菜,0.025,0.852
凉拌菠菜---爆炒猪肝---芹菜炒腰花---焖猪手,0.025,0.767
自制猪肉脯---蒙古烤羊腿---凉拌菠菜,0.025,0.719
凉拌菠菜---焖猪手---爆炒猪肝---芹菜炒腰花,0.025,0.821
水煮鱼---自制猪肉脯---辣炒鱿鱼,0.025,0.59
凉拌菠菜---辣炒鱿鱼---麻辣小龙虾---蒙古烤羊腿,0.025,0.676
凉拌菠菜---蒙古烤羊腿---麻辣小龙虾---辣炒鱿鱼,0.025,0.767
水煮鱼---蒙古烤羊腿---凉拌菠菜,0.025,0.657
爆炒猪肝---芹菜炒腰花---辣炒鱿鱼,0.024,0.55
自制猪肉脯---香酥两吃大虾---焖猪手,0.024,0.564
芹菜炒腰花---蒙古烤羊腿---辣炒鱿鱼,0.024,0.71
焖猪手---美妙绝伦之白莲花---凉拌菠菜,0.024,0.667
凉拌菠菜---焖猪手---谷稻小庄---自制猪肉脯,0.024,0.759
爆炒猪肝---自制猪肉脯---辣炒鱿鱼,0.024,0.55
焖猪手---自制猪肉脯---谷稻小庄---凉拌菠菜,0.024,0.667
豌豆薯仔猪骨汤---辣炒鱿鱼---焖猪手,0.024,0.647
剁椒鱼头---谷稻小庄---凉拌菠菜,0.024,0.537
凉拌菠菜---爆炒猪肝---芹菜炒腰花---自制猪肉脯,0.024,0.733
爆炒猪肝---辣炒鱿鱼---芹菜炒腰花,0.024,0.579
孜然羊排---麻辣小龙虾---凉拌菠菜,0.024,0.629
爆炒猪肝---辣炒鱿鱼---自制猪肉脯,0.024,0.579
凉拌菠菜---自制猪肉脯---芹菜炒腰花---爆炒猪肝,0.024,0.537
凉拌菠菜---自制猪肉脯---谷稻小庄---焖猪手,0.024,0.786
凉拌菠菜---焖猪手---自制猪肉脯---谷稻小庄,0.024,0.579
爆炒猪肝---自制猪肉脯---芹菜炒腰花---凉拌菠菜,0.024,0.733
凉拌菠菜---爆炒猪肝---自制猪肉脯---芹菜炒腰花,0.024,0.815
剁椒鱼头---爆炒猪肝---凉拌菠菜,0.024,0.733
芝士烩波士顿龙虾---芹菜炒腰花---焖猪手,0.023,0.75
凉拌菠菜---自制猪肉脯---谷稻小庄---芹菜炒腰花,0.023,0.75
剁椒鱼头---美妙绝伦之白莲花---凉拌菠菜,0.023,0.75
爆炒猪肝---谷稻小庄---凉拌菠菜,0.023,0.553
自制猪肉脯---芝士烩波士顿龙虾---谷稻小庄,0.023,0.583
芹菜炒腰花---豌豆薯仔猪骨汤---凉拌菠菜,0.023,0.808
自制猪肉脯---芹菜炒腰花---谷稻小庄---凉拌菠菜,0.023,0.7
凉拌菠菜---姜葱炒花蟹---蒙古烤羊腿,0.023,0.512
姜葱炒花蟹---蒙古烤羊腿---凉拌菠菜,0.023,0.677
剁椒鱼头---自制猪肉脯---焖猪手,0.023,0.568
凉拌菠菜---自制猪肉脯---芹菜炒腰花---谷稻小庄,0.023,0.512
自制猪肉脯---香酥两吃大虾---凉拌菠菜,0.023,0.538
芹菜炒腰花---香酥两吃大虾---凉拌菠菜,0.023,0.656
水煮鱼---蒙古烤羊腿---辣炒鱿鱼,0.023,0.6
水煮鱼---焖猪手---凉拌菠菜,0.023,0.512
凉拌菠菜---芹菜炒腰花---谷稻小庄---自制猪肉脯,0.023,0.808
剁椒鱼头---焖猪手---芹菜炒腰花---自制猪肉脯,0.021,0.741
凉拌菠菜---爆炒猪肝---自制猪肉脯---焖猪手,0.021,0.741
芝士烩波士顿龙虾---芹菜炒腰花---自制猪肉脯,0.021,0.714
凉拌菠菜---豌豆薯仔猪骨汤---辣炒鱿鱼---焖猪手,0.021,0.741
凉拌菠菜---焖猪手---爆炒猪肝---自制猪肉脯,0.021,0.714
自制猪肉脯---谷稻小庄---辣炒鱿鱼---芹菜炒腰花,0.021,0.714
焖猪手---豌豆薯仔猪骨汤---辣炒鱿鱼---凉拌菠菜,0.021,0.909
剁椒鱼头---焖猪手---自制猪肉脯---芹菜炒腰花,0.021,0.952
焖猪手---蒙古烤羊腿---自制猪肉脯,0.021,0.513
自制猪肉脯---豌豆薯仔猪骨汤---芹菜炒腰花,0.021,0.625
凉拌菠菜---自制猪肉脯---蒙古烤羊腿---辣炒鱿鱼,0.021,0.87
焖猪手---美妙绝伦之白莲花---自制猪肉脯,0.021,0.606
美妙绝伦之白莲花---自制猪肉脯---凉拌菠菜,0.021,0.588
美妙绝伦之白莲花---自制猪肉脯---焖猪手,0.021,0.588
自制猪肉脯---芹菜炒腰花---辣炒鱿鱼---谷稻小庄,0.021,0.588
芹菜炒腰花---谷稻小庄---辣炒鱿鱼---自制猪肉脯,0.021,0.833
剁椒鱼头---自制猪肉脯---芹菜炒腰花---焖猪手,0.021,0.833
美妙绝伦之白莲花---辣炒鱿鱼---凉拌菠菜,0.021,0.571
剁椒鱼头---芹菜炒腰花---辣炒鱿鱼,0.021,0.571
炝炒大白菜---辣炒鱿鱼---谷稻小庄,0.021,0.571
剁椒鱼头---自制猪肉脯---芹菜炒腰花---凉拌菠菜,0.021,0.833
剁椒鱼头---豌豆薯仔猪骨汤---凉拌菠菜,0.021,0.833
自制猪肉脯---芝士烩波士顿龙虾---芹菜炒腰花,0.021,0.556
炝炒大白菜---谷稻小庄---辣炒鱿鱼,0.021,0.556
蒙古烤羊腿---香酥两吃大虾---凉拌菠菜,0.021,0.541
焖猪手---蒙古烤羊腿---剁椒鱼头,0.021,0.513
自制猪肉脯---蒙古烤羊腿---辣炒鱿鱼---凉拌菠菜,0.021,0.87
自制猪肉脯---蒙古烤羊腿---焖猪手,0.021,0.625
芹菜炒腰花---豌豆薯仔猪骨汤---自制猪肉脯,0.021,0.769
剁椒鱼头---香酥两吃大虾---凉拌菠菜,0.021,0.69
焖猪手---爆炒猪肝---自制猪肉脯---凉拌菠菜,0.021,0.69
凉拌菠菜---焖猪手---豌豆薯仔猪骨汤---辣炒鱿鱼,0.021,0.667
自制猪肉脯---芹菜炒腰花---谷稻小庄---辣炒鱿鱼,0.021,0.667
凉拌菠菜---剁椒鱼头---自制猪肉脯---芹菜炒腰花,0.021,0.769
凉拌菠菜---剁椒鱼头---芹菜炒腰花---自制猪肉脯,0.021,0.769
凉拌菠菜---自制猪肉脯---辣炒鱿鱼---蒙古烤羊腿,0.021,0.526
姜葱炒花蟹---焖猪手---凉拌菠菜,0.021,0.741
凉拌菠菜---焖猪手---自制猪肉脯---爆炒猪肝,0.021,0.526
爆炒猪肝---谷稻小庄---芹菜炒腰花,0.021,0.526
剁椒鱼头---蒙古烤羊腿---焖猪手,0.021,0.526
爆炒猪肝---辣炒鱿鱼---焖猪手,0.021,0.526
五色糯米饭(七色)---凉拌蒜蓉西兰花---凉拌菠菜,0.021,0.541
凉拌菠菜---焖猪手---爆炒猪肝---芹菜炒腰花---自制猪肉脯,0.02,0.826
爆炒猪肝---豌豆薯仔猪骨汤---焖猪手,0.02,0.792
凉拌菠菜---爆炒猪肝---自制猪肉脯---芹菜炒腰花---焖猪手,0.02,0.864
芹菜炒腰花---蒙古烤羊腿---辣炒鱿鱼---凉拌菠菜,0.02,0.864
剁椒鱼头---焖猪手---辣炒鱿鱼---凉拌菠菜,0.02,0.76
凉拌菠菜---芹菜炒腰花---蒙古烤羊腿---辣炒鱿鱼,0.02,0.76
凉拌菠菜---芹菜炒腰花---豌豆薯仔猪骨汤---焖猪手,0.02,0.905
焖猪手---芹菜炒腰花---豌豆薯仔猪骨汤---凉拌菠菜,0.02,0.826
凉拌菠菜---剁椒鱼头---焖猪手---芹菜炒腰花,0.02,0.655
蛋挞---辣炒鱿鱼---凉拌菠菜,0.02,0.731
凉拌菠菜---焖猪手---豌豆薯仔猪骨汤---芹菜炒腰花,0.02,0.633
凉拌菠菜---焖猪手---谷稻小庄---芹菜炒腰花,0.02,0.655
凉拌菠菜---剁椒鱼头---焖猪手---辣炒鱿鱼,0.02,0.655
爆炒猪肝---香酥两吃大虾---焖猪手,0.02,0.594
炝炒大白菜---辣炒鱿鱼---凉拌菠菜,0.02,0.543
爆炒猪肝---香酥两吃大虾---凉拌菠菜,0.02,0.594
剁椒鱼头---爆炒猪肝---自制猪肉脯,0.02,0.633
凉拌菠菜---焖猪手---爆炒猪肝---自制猪肉脯---芹菜炒腰花,0.02,0.95
自制猪肉脯---谷稻小庄---辣炒鱿鱼---焖猪手,0.02,0.679
焖猪手---谷稻小庄---辣炒鱿鱼---凉拌菠菜,0.02,0.731
焖猪手---自制猪肉脯---辣炒鱿鱼---谷稻小庄,0.02,0.559
凉拌菠菜---谷稻小庄---辣炒鱿鱼---焖猪手,0.02,0.559
豌豆薯仔猪骨汤---辣炒鱿鱼---蒙古烤羊腿,0.02,0.559
孜然羊排---美妙绝伦之白莲花---凉拌菠菜,0.02,0.613
蒙古烤羊腿---豌豆薯仔猪骨汤---焖猪手,0.02,0.613
凉拌菠菜---焖猪手---谷稻小庄---辣炒鱿鱼,0.02,0.655
蒙古烤羊腿---豌豆薯仔猪骨汤---辣炒鱿鱼,0.02,0.613
美妙绝伦之白莲花---芹菜炒腰花---凉拌菠菜,0.02,0.679
焖猪手---美妙绝伦之白莲花---芝士烩波士顿龙虾,0.02,0.576
焖猪手---芹菜炒腰花---谷稻小庄---凉拌菠菜,0.02,0.731
凉拌菠菜---芹菜炒腰花---谷稻小庄---焖猪手,0.02,0.731
凉拌菠菜---剁椒鱼头---芹菜炒腰花---焖猪手,0.02,0.731
焖猪手---谷稻小庄---辣炒鱿鱼---自制猪肉脯,0.02,0.731
焖猪手---爆炒猪肝---自制猪肉脯---芹菜炒腰花---凉拌菠菜,0.02,0.731
剁椒鱼头---自制猪肉脯---爆炒猪肝,0.02,0.514
爆炒猪肝---芝士烩波士顿龙虾---焖猪手,0.02,0.514
剁椒鱼头---焖猪手---芹菜炒腰花---凉拌菠菜,0.02,0.704
凉拌菠菜---清蒸海鱼---谷稻小庄,0.02,0.528
自制猪肉脯---芝士烩波士顿龙虾---凉拌菠菜,0.02,0.528
凉拌菠菜---焖猪手---自制猪肉脯---芹菜炒腰花---爆炒猪肝,0.02,0.594
凉拌菠菜---剁椒鱼头---辣炒鱿鱼---焖猪手,0.02,0.594
焖猪手---自制猪肉脯---谷稻小庄---辣炒鱿鱼,0.02,0.576
芝士烩波士顿龙虾---芹菜炒腰花---凉拌菠菜,0.02,0.679
凉拌菠菜---焖猪手---自制猪肉脯---芹菜炒腰花---谷稻小庄,0.019,0.562
芹菜炒腰花---香酥两吃大虾---自制猪肉脯,0.019,0.562
自制猪肉脯---豌豆薯仔猪骨汤---凉拌菠菜,0.019,0.562
凉拌菠菜---剁椒鱼头---辣炒鱿鱼---自制猪肉脯,0.019,0.562
美妙绝伦之白莲花---香酥两吃大虾---凉拌菠菜,0.019,0.562
凉拌菠菜---自制猪肉脯---芹菜炒腰花---谷稻小庄---焖猪手,0.019,0.857
五色糯米饭(七色)---美妙绝伦之白莲花---凉拌菠菜,0.019,0.545
焖猪手---芹菜炒腰花---辣炒鱿鱼---爆炒猪肝,0.019,0.545
焖猪手---芹菜炒腰花---辣炒鱿鱼---剁椒鱼头,0.019,0.545
孜然羊排---美妙绝伦之白莲花---蒙古烤羊腿,0.019,0.581
焖猪手---芝士烩波士顿龙虾---芹菜炒腰花---自制猪肉脯,0.019,0.857
美妙绝伦之白莲花---蒙古烤羊腿---凉拌菠菜,0.019,0.529
美妙绝伦之白莲花---自制猪肉脯---芝士烩波士顿龙虾,0.019,0.529
美妙绝伦之白莲花---蒙古烤羊腿---孜然羊排,0.019,0.529
美妙绝伦之白莲花---自制猪肉脯---芹菜炒腰花,0.019,0.529
凉拌菠菜---谷稻小庄---辣炒鱿鱼---自制猪肉脯,0.019,0.529
剁椒鱼头---芹菜炒腰花---爆炒猪肝,0.019,0.514
焖猪手---爆炒猪肝---芹菜炒腰花---辣炒鱿鱼,0.019,0.581
剁椒鱼头---爆炒猪肝---焖猪手,0.019,0.6
芹菜炒腰花---蒙古烤羊腿---焖猪手,0.019,0.581
香烤牛排---麻辣小龙虾---凉拌菠菜,0.019,0.581
焖猪手---自制猪肉脯---芝士烩波士顿龙虾---芹菜炒腰花,0.019,0.72
剁椒鱼头---焖猪手---辣炒鱿鱼---芹菜炒腰花,0.019,0.72
焖猪手---自制猪肉脯---芹菜炒腰花---谷稻小庄---凉拌菠菜,0.019,0.72
白胡椒胡萝卜羊肉汤---辣炒鱿鱼---凉拌菠菜,0.019,0.692
焖猪手---自制猪肉脯---豌豆薯仔猪骨汤---芹菜炒腰花,0.019,0.75
剁椒鱼头---豌豆薯仔猪骨汤---焖猪手,0.019,0.75
爆炒猪肝---蒙古烤羊腿---凉拌菠菜,0.019,0.692
凉拌菠菜---剁椒鱼头---自制猪肉脯---辣炒鱿鱼,0.019,0.692
剁椒鱼头---焖猪手---芹菜炒腰花---辣炒鱿鱼,0.019,0.667
自制猪肉脯---芹菜炒腰花---豌豆薯仔猪骨汤---焖猪手,0.019,0.9
辣炒鱿鱼---香烤牛排---凉拌菠菜,0.019,0.643
美妙绝伦之白莲花---芹菜炒腰花---自制猪肉脯,0.019,0.643
自制猪肉脯---谷稻小庄---辣炒鱿鱼---凉拌菠菜,0.019,0.643
凉拌菠菜---自制猪肉脯---谷稻小庄---辣炒鱿鱼,0.019,0.643
蛋挞---麻辣小龙虾---凉拌菠菜,0.019,0.621
焖猪手---芹菜炒腰花---豌豆薯仔猪骨汤---自制猪肉脯,0.019,0.783
剁椒鱼头---自制猪肉脯---辣炒鱿鱼---凉拌菠菜,0.019,0.783
孜然羊排---自制猪肉脯---凉拌菠菜,0.019,0.783
剁椒鱼头---香酥两吃大虾---辣炒鱿鱼,0.019,0.621
自制猪肉脯---麻辣小龙虾---辣炒鱿鱼,0.019,0.6
剁椒鱼头---爆炒猪肝---芹菜炒腰花,0.019,0.6
自制猪肉脯---芹菜炒腰花---谷稻小庄---爆炒猪肝,0.019,0.6
爆炒猪肝---自制猪肉脯---芹菜炒腰花---谷稻小庄,0.019,0.6
凉拌菠菜---焖猪手---自制猪肉脯---谷稻小庄---芹菜炒腰花,0.019,0.818
爆炒猪肝---芹菜炒腰花---辣炒鱿鱼---焖猪手,0.019,0.818
爆炒猪肝---芹菜炒腰花---谷稻小庄---自制猪肉脯,0.019,0.9
爆炒猪肝---自制猪肉脯---谷稻小庄---芹菜炒腰花,0.019,1.0
剁椒鱼头---芹菜炒腰花---辣炒鱿鱼---焖猪手,0.019,0.9
凉拌菠菜---焖猪手---芹菜炒腰花---谷稻小庄---自制猪肉脯,0.019,0.947
自制猪肉脯---芝士烩波士顿龙虾---芹菜炒腰花---焖猪手,0.019,0.9
焖猪手---爆炒猪肝---辣炒鱿鱼---芹菜炒腰花,0.019,0.9
自制猪肉脯---蒙古烤羊腿---辣炒鱿鱼---焖猪手,0.018,0.739
凉拌菠菜---剁椒鱼头---辣炒鱿鱼---芹菜炒腰花,0.018,0.531
凉拌菠菜---焖猪手---蒙古烤羊腿---自制猪肉脯,0.018,0.531
凉拌菠菜---焖猪手---蒙古烤羊腿---豌豆薯仔猪骨汤,0.018,0.531
自制猪肉脯---蒙古烤羊腿---芹菜炒腰花,0.018,0.531
焖猪手---自制猪肉脯---芹菜炒腰花---辣炒鱿鱼---谷稻小庄,0.018,0.586
凉拌菠菜---自制猪肉脯---蒙古烤羊腿---焖猪手,0.018,0.739
焖猪手---谷稻小庄---辣炒鱿鱼---芹菜炒腰花,0.018,0.654
凉拌菠菜---水煮鱼---蒙古烤羊腿---辣炒鱿鱼,0.018,0.739
清爽拌凉面---辣炒鱿鱼---五色糯米饭(七色),0.018,0.739
焖猪手---芹菜炒腰花---蒙古烤羊腿---辣炒鱿鱼,0.018,0.944
凉拌菠菜---自制猪肉脯---豌豆薯仔猪骨汤---焖猪手,0.018,0.944
芹菜炒腰花---蒙古烤羊腿---自制猪肉脯,0.018,0.548
焖猪手---芹菜炒腰花---谷稻小庄---辣炒鱿鱼,0.018,0.654
凉拌菠菜---剁椒鱼头---自制猪肉脯---焖猪手,0.018,0.654
凉拌菠菜---剁椒鱼头---芹菜炒腰花---辣炒鱿鱼,0.018,0.654
姜葱炒花蟹---辣炒鱿鱼---蒙古烤羊腿,0.018,0.548
清爽拌凉面---谷稻小庄---五色糯米饭(七色),0.018,0.654
清蒸海鱼---自制猪肉脯---谷稻小庄,0.018,0.654
炝炒大白菜---自制猪肉脯---焖猪手,0.018,0.654
芹菜炒腰花---麻辣小龙虾---焖猪手,0.018,0.654
自制猪肉脯---芹菜炒腰花---谷稻小庄---辣炒鱿鱼---焖猪手,0.018,0.85
剁椒鱼头---焖猪手---蒙古烤羊腿---辣炒鱿鱼,0.018,0.85
焖猪手---自制猪肉脯---蒙古烤羊腿---辣炒鱿鱼,0.018,0.85
焖猪手---爆炒猪肝---辣炒鱿鱼---自制猪肉脯,0.018,0.85
剁椒鱼头---芹菜炒腰花---辣炒鱿鱼---凉拌菠菜,0.018,0.85
焖猪手---自制猪肉脯---蒙古烤羊腿---凉拌菠菜,0.018,0.85
焖猪手---自制猪肉脯---芹菜炒腰花---谷稻小庄---辣炒鱿鱼,0.018,0.68
剁椒鱼头---焖猪手---辣炒鱿鱼---蒙古烤羊腿,0.018,0.68
凉拌菠菜---爆炒猪肝---辣炒鱿鱼---自制猪肉脯,0.018,0.68
姜葱炒花蟹---蒙古烤羊腿---辣炒鱿鱼,0.018,0.548
姜葱炒花蟹---蒙古烤羊腿---焖猪手,0.018,0.548
焖猪手---芹菜炒腰花---谷稻小庄---辣炒鱿鱼---自制猪肉脯,0.018,1.0
姜葱炒花蟹---辣炒鱿鱼---焖猪手,0.018,0.548
焖猪手---蒙古烤羊腿---辣炒鱿鱼---自制猪肉脯,0.018,0.586
焖猪手---蒙古烤羊腿---辣炒鱿鱼---芹菜炒腰花,0.018,0.586
焖猪手---爆炒猪肝---自制猪肉脯---辣炒鱿鱼,0.018,0.586
凉拌菠菜---剁椒鱼头---焖猪手---自制猪肉脯,0.018,0.586
凉拌菠菜---水煮鱼---辣炒鱿鱼---蒙古烤羊腿,0.018,0.586
爆炒猪肝---芹菜炒腰花---辣炒鱿鱼---凉拌菠菜,0.018,0.773
爆炒猪肝---自制猪肉脯---辣炒鱿鱼---凉拌菠菜,0.018,0.773
爆炒猪肝---自制猪肉脯---辣炒鱿鱼---焖猪手,0.018,0.773
芹菜炒腰花---蒙古烤羊腿---辣炒鱿鱼---焖猪手,0.018,0.773
爆炒猪肝---芹菜炒腰花---辣炒鱿鱼---自制猪肉脯,0.018,0.773
爆炒猪肝---自制猪肉脯---辣炒鱿鱼---芹菜炒腰花,0.018,0.773
清蒸海鱼---辣炒鱿鱼---谷稻小庄,0.018,0.607
美妙绝伦之白莲花---芹菜炒腰花---焖猪手,0.018,0.607
炝炒大白菜---焖猪手---谷稻小庄,0.018,0.567
炝炒大白菜---焖猪手---自制猪肉脯,0.018,0.567
剁椒鱼头---爆炒猪肝---辣炒鱿鱼,0.018,0.567
凉拌菠菜---焖猪手---豌豆薯仔猪骨汤---蒙古烤羊腿,0.018,0.567
凉拌菠菜---焖猪手---豌豆薯仔猪骨汤---自制猪肉脯,0.018,0.567
凉拌菠菜---爆炒猪肝---芹菜炒腰花---辣炒鱿鱼,0.018,0.567
爆炒猪肝---自制猪肉脯---芹菜炒腰花---辣炒鱿鱼,0.018,0.567
清蒸海鱼---爆炒猪肝---凉拌菠菜,0.018,0.607
剁椒鱼头---焖猪手---自制猪肉脯---凉拌菠菜,0.018,0.81
水煮鱼---蒙古烤羊腿---辣炒鱿鱼---凉拌菠菜,0.018,0.81
剁椒鱼头---蒙古烤羊腿---辣炒鱿鱼---焖猪手,0.018,0.63
凉拌菠菜---豌豆薯仔猪骨汤---辣炒鱿鱼---蒙古烤羊腿,0.018,0.63
凉拌菠菜---爆炒猪肝---自制猪肉脯---辣炒鱿鱼,0.018,0.63
姜葱炒花蟹---焖猪手---蒙古烤羊腿,0.018,0.63
姜葱炒花蟹---焖猪手---辣炒鱿鱼,0.018,0.63
剁椒鱼头---麻辣小龙虾---凉拌菠菜,0.018,0.548
凉拌菠菜---爆炒猪肝---辣炒鱿鱼---芹菜炒腰花,0.018,0.68
焖猪手---蒙古烤羊腿---辣炒鱿鱼---剁椒鱼头,0.018,0.586
五色糯米饭(七色)---清爽拌凉面---谷稻小庄,0.018,0.515
焖猪手---自制猪肉脯---豌豆薯仔猪骨汤---凉拌菠菜,0.018,0.708
爆炒猪肝---豌豆薯仔猪骨汤---凉拌菠菜,0.018,0.708
焖猪手---蒙古烤羊腿---豌豆薯仔猪骨汤---凉拌菠菜,0.018,0.895
蒙古烤羊腿---豌豆薯仔猪骨汤---辣炒鱿鱼---凉拌菠菜,0.018,0.895
焖猪手---自制猪肉脯---谷稻小庄---辣炒鱿鱼---芹菜炒腰花,0.018,0.895
焖猪手---芹菜炒腰花---辣炒鱿鱼---谷稻小庄,0.018,0.515
五色糯米饭(七色)---清爽拌凉面---辣炒鱿鱼,0.018,0.515
焖猪手---美妙绝伦之白莲花---芹菜炒腰花,0.018,0.515
凉拌菠菜---蒙古烤羊腿---豌豆薯仔猪骨汤---焖猪手,0.018,0.708
焖猪手---芹菜炒腰花---辣炒鱿鱼---蒙古烤羊腿,0.018,0.515
芹菜炒腰花---谷稻小庄---辣炒鱿鱼---焖猪手,0.018,0.708
凉拌菠菜---蒙古烤羊腿---豌豆薯仔猪骨汤---辣炒鱿鱼,0.018,0.708
水煮鱼---芹菜炒腰花---辣炒鱿鱼,0.017,0.696
爆炒猪肝---美妙绝伦之白莲花---凉拌菠菜,0.017,0.696
凉拌菠菜---姜葱炒花蟹---蒙古烤羊腿---焖猪手,0.017,0.762
凉拌菠菜---孜然羊排---蒙古烤羊腿---辣炒鱿鱼,0.017,0.533
凉拌菠菜---焖猪手---豌豆薯仔猪骨汤---剁椒鱼头,0.017,0.533
凉拌菠菜---剁椒鱼头---蒙古烤羊腿---焖猪手,0.017,0.533
炝炒大白菜---焖猪手---凉拌菠菜,0.017,0.533
水煮鱼---香酥两吃大虾---凉拌菠菜,0.017,0.533
焖猪手---自制猪肉脯---芹菜炒腰花---蒙古烤羊腿---辣炒鱿鱼,0.017,1.0
焖猪手---爆炒猪肝---芹菜炒腰花---谷稻小庄---自制猪肉脯,0.017,1.0
孜然羊排---自制猪肉脯---辣炒鱿鱼,0.017,0.696
焖猪手---爆炒猪肝---芹菜炒腰花---谷稻小庄,0.017,0.516
蒙古烤羊腿---谷稻小庄---辣炒鱿鱼---凉拌菠菜,0.017,0.696
自制猪肉脯---芹菜炒腰花---蒙古烤羊腿---辣炒鱿鱼---焖猪手,0.017,1.0
爆炒猪肝---自制猪肉脯---芹菜炒腰花---谷稻小庄---焖猪手,0.017,0.889
剁椒鱼头---焖猪手---自制猪肉脯---芹菜炒腰花---凉拌菠菜,0.017,0.8
凉拌菠菜---剁椒鱼头---焖猪手---芹菜炒腰花---自制猪肉脯,0.017,0.842
焖猪手---爆炒猪肝---谷稻小庄---自制猪肉脯,0.017,0.842
焖猪手---爆炒猪肝---谷稻小庄---芹菜炒腰花,0.017,0.842
焖猪手---蒙古烤羊腿---豌豆薯仔猪骨汤---辣炒鱿鱼,0.017,0.842
蒙古烤羊腿---豌豆薯仔猪骨汤---辣炒鱿鱼---焖猪手,0.017,0.842
凉拌菠菜---美妙绝伦之白莲花---芹菜炒腰花---自制猪肉脯,0.017,0.842
剁椒鱼头---爆炒猪肝---自制猪肉脯---凉拌菠菜,0.017,0.842
焖猪手---爆炒猪肝---芹菜炒腰花---辣炒鱿鱼---自制猪肉脯,0.017,0.889
凉拌菠菜---剁椒鱼头---自制猪肉脯---芹菜炒腰花---焖猪手,0.017,0.8
凉拌菠菜---美妙绝伦之白莲花---自制猪肉脯---芹菜炒腰花,0.017,0.8
剁椒鱼头---芹菜炒腰花---辣炒鱿鱼---自制猪肉脯,0.017,0.8
焖猪手---自制猪肉脯---蒙古烤羊腿---芹菜炒腰花,0.017,0.8
焖猪手---自制猪肉脯---芝士烩波士顿龙虾---谷稻小庄,0.017,0.64
凉拌菠菜---芹菜炒腰花---蒙古烤羊腿---焖猪手,0.017,0.64
豌豆薯仔猪骨汤---香酥两吃大虾---焖猪手,0.017,0.64
剁椒鱼头---水煮鱼---辣炒鱿鱼,0.017,0.64
五色糯米饭(七色)---蛋挞---西瓜胡萝卜沙拉,0.017,0.64
自制猪肉脯---芹菜炒腰花---蒙古烤羊腿---焖猪手,0.017,0.941
焖猪手---爆炒猪肝---自制猪肉脯---谷稻小庄---芹菜炒腰花,0.017,1.0
姜葱炒花蟹---焖猪手---蒙古烤羊腿---凉拌菠菜,0.017,0.941
自制猪肉脯---芹菜炒腰花---蒙古烤羊腿---辣炒鱿鱼,0.017,0.941
凉拌菠菜---剁椒鱼头---焖猪手---自制猪肉脯---芹菜炒腰花,0.017,0.941
爆炒猪肝---自制猪肉脯---芹菜炒腰花---辣炒鱿鱼---焖猪手,0.017,0.941
焖猪手---爆炒猪肝---自制猪肉脯---辣炒鱿鱼---芹菜炒腰花,0.017,0.941
芹菜炒腰花---麻辣小龙虾---凉拌菠菜,0.017,0.615
凉拌菠菜---芹菜炒腰花---谷稻小庄---辣炒鱿鱼,0.017,0.615
凉拌菠菜---剁椒鱼头---自制猪肉脯---爆炒猪肝,0.017,0.615
水煮鱼---白胡椒胡萝卜羊肉汤---凉拌菠菜,0.017,0.696
焖猪手---芹菜炒腰花---谷稻小庄---爆炒猪肝,0.017,0.615
焖猪手---爆炒猪肝---自制猪肉脯---芹菜炒腰花---辣炒鱿鱼,0.017,0.615
焖猪手---爆炒猪肝---自制猪肉脯---芹菜炒腰花---谷稻小庄,0.017,0.615
凉拌菠菜---姜葱炒花蟹---焖猪手---蒙古烤羊腿,0.017,0.8
焖猪手---芹菜炒腰花---蒙古烤羊腿---辣炒鱿鱼---自制猪肉脯,0.017,0.941
焖猪手---自制猪肉脯---蒙古烤羊腿---辣炒鱿鱼---芹菜炒腰花,0.017,0.941
剁椒鱼头---焖猪手---蒙古烤羊腿---凉拌菠菜,0.017,0.8
凉拌菠菜---剁椒鱼头---豌豆薯仔猪骨汤---焖猪手,0.017,0.8
凉拌菠菜---姜葱炒花蟹---蒙古烤羊腿---辣炒鱿鱼,0.017,0.762
自制猪肉脯---芹菜炒腰花---豌豆薯仔猪骨汤---凉拌菠菜,0.017,0.8
爆炒猪肝---芹菜炒腰花---谷稻小庄---焖猪手,0.017,0.8
焖猪手---芹菜炒腰花---蒙古烤羊腿---自制猪肉脯,0.017,0.889
凉拌菠菜---孜然羊排---辣炒鱿鱼---蒙古烤羊腿,0.017,0.762
蒙古烤羊腿---豌豆薯仔猪骨汤---剁椒鱼头,0.017,0.516
剁椒鱼头---豌豆薯仔猪骨汤---蒙古烤羊腿,0.017,0.667
剁椒鱼头---焖猪手---爆炒猪肝---芹菜炒腰花,0.017,0.889
孜然羊排---蒙古烤羊腿---辣炒鱿鱼---凉拌菠菜,0.017,0.762
爆炒猪肝---自制猪肉脯---谷稻小庄---焖猪手,0.017,0.889
剁椒鱼头---自制猪肉脯---芹菜炒腰花---辣炒鱿鱼,0.017,0.667
芹菜炒腰花---谷稻小庄---辣炒鱿鱼---凉拌菠菜,0.017,0.667
凉拌菠菜---姜葱炒花蟹---辣炒鱿鱼---蒙古烤羊腿,0.017,0.667
自制猪肉脯---蒙古烤羊腿---辣炒鱿鱼---芹菜炒腰花,0.017,0.696
凉拌菠菜---自制猪肉脯---豌豆薯仔猪骨汤---芹菜炒腰花,0.017,0.889
美妙绝伦之白莲花---自制猪肉脯---芹菜炒腰花---凉拌菠菜,0.017,0.889
水煮鱼---番茄有机花菜---谷稻小庄,0.017,0.571
蛋挞---谷稻小庄---凉拌菠菜,0.017,0.571
清蒸海鱼---焖猪手---芝士烩波士顿龙虾,0.017,0.667
剁椒鱼头---焖猪手---芹菜炒腰花---爆炒猪肝,0.017,0.593
剁椒鱼头---孜然羊排---凉拌菠菜,0.017,0.667
凉拌菠菜---剁椒鱼头---焖猪手---豌豆薯仔猪骨汤,0.017,0.552
凉拌菠菜---剁椒鱼头---焖猪手---蒙古烤羊腿,0.017,0.552
白胡椒胡萝卜羊肉汤---蒙古烤羊腿---谷稻小庄,0.017,0.552
蒜香辣花甲---麻辣小龙虾---凉拌菠菜,0.017,0.552
焖猪手---爆炒猪肝---芹菜炒腰花---剁椒鱼头,0.017,0.516
哈尔滨啤酒罐装---麻辣小龙虾,0.017,0.552
焖猪手---芹菜炒腰花---蒙古烤羊腿---凉拌菠菜,0.017,0.889
剁椒鱼头---焖猪手---豌豆薯仔猪骨汤---凉拌菠菜,0.017,0.889
白胡椒胡萝卜羊肉汤---麻辣小龙虾---凉拌菠菜,0.017,0.516
剁椒鱼头---麻辣小龙虾---蒙古烤羊腿,0.017,0.516
自制猪肉脯---芹菜炒腰花---香酥两吃大虾---焖猪手,0.017,0.889
剁椒鱼头---爆炒猪肝---芹菜炒腰花---焖猪手,0.017,0.889
凉拌菠菜---爆炒猪肝---自制猪肉脯---剁椒鱼头,0.017,0.593
焖猪手---自制猪肉脯---芹菜炒腰花---辣炒鱿鱼---蒙古烤羊腿,0.017,0.552
姜葱炒花蟹---蒙古烤羊腿---辣炒鱿鱼---凉拌菠菜,0.017,0.941
焖猪手---芝士烩波士顿龙虾---谷稻小庄---自制猪肉脯,0.017,0.696
凉拌菠菜---剁椒鱼头---爆炒猪肝---自制猪肉脯,0.017,0.727
焖猪手---豌豆薯仔猪骨汤---辣炒鱿鱼---蒙古烤羊腿,0.017,0.727
焖猪手---自制猪肉脯---香酥两吃大虾---芹菜炒腰花,0.017,0.727
芹菜炒腰花---蒙古烤羊腿---辣炒鱿鱼---自制猪肉脯,0.017,0.727
焖猪手---芹菜炒腰花---香酥两吃大虾---自制猪肉脯,0.017,0.696
凉拌菠菜---芹菜炒腰花---豌豆薯仔猪骨汤---自制猪肉脯,0.017,0.762
自制猪肉脯---芝士烩波士顿龙虾---谷稻小庄---焖猪手,0.017,0.762
凉拌菠菜---蒙古烤羊腿---谷稻小庄---辣炒鱿鱼,0.017,0.593
焖猪手---自制猪肉脯---芹菜炒腰花---谷稻小庄---爆炒猪肝,0.017,0.64
焖猪手---蒙古烤羊腿---辣炒鱿鱼---豌豆薯仔猪骨汤,0.017,0.552
焖猪手---白胡椒胡萝卜羊肉汤---凉拌菠菜,0.017,0.593
焖猪手---自制猪肉脯---芹菜炒腰花---辣炒鱿鱼---爆炒猪肝,0.017,0.552
焖猪手---爆炒猪肝---自制猪肉脯---谷稻小庄,0.017,0.552
剁椒鱼头---自制猪肉脯---辣炒鱿鱼---芹菜炒腰花,0.017,0.696
剁椒鱼头---爆炒猪肝---芹菜炒腰花---自制猪肉脯,0.016,0.833
蛋挞---香烤牛排---西瓜胡萝卜沙拉,0.016,0.625
凉拌菠菜---剁椒鱼头---芹菜炒腰花---辣炒鱿鱼---焖猪手,0.016,0.882
凉拌菠菜---焖猪手---自制猪肉脯---豌豆薯仔猪骨汤---芹菜炒腰花,0.016,0.882
剁椒鱼头---辣炒鱿鱼---香酥两吃大虾---凉拌菠菜,0.016,0.833
剁椒鱼头---爆炒猪肝---芹菜炒腰花---凉拌菠菜,0.016,0.833
剁椒鱼头---焖猪手---爆炒猪肝---自制猪肉脯,0.016,0.833
剁椒鱼头---孜然羊排---辣炒鱿鱼,0.016,0.625
剁椒鱼头---豌豆薯仔猪骨汤---辣炒鱿鱼,0.016,0.625
凉拌菠菜---自制猪肉脯---谷稻小庄---辣炒鱿鱼---焖猪手,0.016,0.833
清蒸海鱼---焖猪手---凉拌菠菜,0.016,0.625
剁椒鱼头---芝士烩波士顿龙虾---焖猪手,0.016,0.625
剁椒鱼头---焖猪手---芹菜炒腰花---辣炒鱿鱼---自制猪肉脯,0.016,0.833
焖猪手---蒜香辣花甲---凉拌菠菜,0.016,0.625
焖猪手---自制猪肉脯---芹菜炒腰花---豌豆薯仔猪骨汤---凉拌菠菜,0.016,0.833
剁椒鱼头---焖猪手---芹菜炒腰花---辣炒鱿鱼---凉拌菠菜,0.016,0.833
凉拌菠菜---自制猪肉脯---谷稻小庄---辣炒鱿鱼---芹菜炒腰花,0.016,0.833
姜葱炒花蟹---焖猪手---辣炒鱿鱼---凉拌菠菜,0.016,0.882
冰糖红豆薏米粥---自制猪肉脯---谷稻小庄,0.016,0.625
凉拌菠菜---自制猪肉脯---芝士烩波士顿龙虾---谷稻小庄,0.016,0.789
剁椒鱼头---爆炒猪肝---自制猪肉脯---芹菜炒腰花,0.016,0.789
凉拌菠菜---芹菜炒腰花---蒙古烤羊腿---辣炒鱿鱼---焖猪手,0.016,0.789
焖猪手---自制猪肉脯---谷稻小庄---辣炒鱿鱼---凉拌菠菜,0.016,0.789
凉拌菠菜---焖猪手---谷稻小庄---辣炒鱿鱼---自制猪肉脯,0.016,0.789
凉拌菠菜---剁椒鱼头---焖猪手---辣炒鱿鱼---芹菜炒腰花,0.016,0.789
凉拌菠菜---剁椒鱼头---焖猪手---芹菜炒腰花---辣炒鱿鱼,0.016,0.789
凉拌菠菜---焖猪手---芹菜炒腰花---豌豆薯仔猪骨汤---自制猪肉脯,0.016,0.789
凉拌菠菜---焖猪手---自制猪肉脯---辣炒鱿鱼---蒙古烤羊腿,0.016,0.577
凉拌菠菜---焖猪手---自制猪肉脯---辣炒鱿鱼---谷稻小庄,0.016,0.577
焖猪手---谷稻小庄---辣炒鱿鱼---蒙古烤羊腿,0.016,0.577
凉拌菠菜---剁椒鱼头---芹菜炒腰花---爆炒猪肝,0.016,0.577
凉拌菠菜---辣炒鱿鱼---香酥两吃大虾---剁椒鱼头,0.016,0.577
炝炒大白菜---自制猪肉脯---谷稻小庄,0.016,0.577
芹菜炒腰花---豌豆薯仔猪骨汤---辣炒鱿鱼,0.016,0.577
清蒸海鱼---自制猪肉脯---芝士烩波士顿龙虾,0.016,0.577
剁椒鱼头---爆炒猪肝---自制猪肉脯---焖猪手,0.016,0.789
美妙绝伦之白莲花---豌豆薯仔猪骨汤---凉拌菠菜,0.016,0.789
凉拌菠菜---芝士烩波士顿龙虾---谷稻小庄---自制猪肉脯,0.016,0.625
凉拌菠菜---焖猪手---蒙古烤羊腿---辣炒鱿鱼---自制猪肉脯,0.016,0.6
凉拌菠菜---姜葱炒花蟹---辣炒鱿鱼---焖猪手,0.016,0.625
剁椒鱼头---自制猪肉脯---芹菜炒腰花---爆炒猪肝,0.016,0.625
凉拌菠菜---焖猪手---自制猪肉脯---蒙古烤羊腿---辣炒鱿鱼,0.016,0.882
焖猪手---自制猪肉脯---蒙古烤羊腿---辣炒鱿鱼---凉拌菠菜,0.016,0.882
焖猪手---芹菜炒腰花---蒙古烤羊腿---辣炒鱿鱼---凉拌菠菜,0.016,0.882
凉拌菠菜---焖猪手---蒙古烤羊腿---豌豆薯仔猪骨汤---辣炒鱿鱼,0.016,0.882
凉拌菠菜---蒙古烤羊腿---豌豆薯仔猪骨汤---辣炒鱿鱼---焖猪手,0.016,0.882
焖猪手---蒙古烤羊腿---谷稻小庄---辣炒鱿鱼,0.016,0.882
自制猪肉脯---芹菜炒腰花---蒙古烤羊腿---凉拌菠菜,0.016,0.882
焖猪手---辣炒鱿鱼---麻辣小龙虾---凉拌菠菜,0.016,0.833
孜然羊排---香酥两吃大虾---蒙古烤羊腿,0.016,0.6
凉拌菠菜---芹菜炒腰花---蒙古烤羊腿---自制猪肉脯,0.016,0.6
剁椒鱼头---焖猪手---辣炒鱿鱼---自制猪肉脯,0.016,0.6
凉拌菠菜---焖猪手---蒙古烤羊腿---辣炒鱿鱼---豌豆薯仔猪骨汤,0.016,0.6
凉拌菠菜---焖猪手---蒙古烤羊腿---辣炒鱿鱼---芹菜炒腰花,0.016,0.6
剁椒鱼头---焖猪手---爆炒猪肝---凉拌菠菜,0.016,0.833
凉拌菠菜---剁椒鱼头---豌豆薯仔猪骨汤---辣炒鱿鱼,0.016,0.75
剁椒鱼头---自制猪肉脯---芹菜炒腰花---辣炒鱿鱼---焖猪手,0.016,0.938
凉拌菠菜---自制猪肉脯---蒙古烤羊腿---芹菜炒腰花,0.016,0.652
剁椒鱼头---豌豆薯仔猪骨汤---辣炒鱿鱼---凉拌菠菜,0.016,1.0
剁椒鱼头---焖猪手---自制猪肉脯---辣炒鱿鱼,0.016,0.714
水煮鱼---豌豆薯仔猪骨汤---凉拌菠菜,0.016,0.652
孜然羊排---爆炒猪肝---凉拌菠菜,0.016,0.652
孜然羊排---自制猪肉脯---芹菜炒腰花,0.016,0.652
凉拌菠菜---焖猪手---麻辣小龙虾---辣炒鱿鱼,0.016,0.652
剁椒鱼头---焖猪手---自制猪肉脯---爆炒猪肝,0.016,0.714
凉拌菠菜---自制猪肉脯---芹菜炒腰花---谷稻小庄---辣炒鱿鱼,0.016,0.714
水煮鱼---焖猪手---辣炒鱿鱼---凉拌菠菜,0.016,0.652
焖猪手---芹菜炒腰花---香酥两吃大虾---凉拌菠菜,0.016,0.652
剁椒鱼头---焖猪手---自制猪肉脯---辣炒鱿鱼---芹菜炒腰花,0.016,1.0
凉拌菠菜---自制猪肉脯---芹菜炒腰花---辣炒鱿鱼---谷稻小庄,0.016,0.536
凉拌菠菜---焖猪手---自制猪肉脯---谷稻小庄---辣炒鱿鱼,0.016,0.682
凉拌菠菜---焖猪手---芹菜炒腰花---辣炒鱿鱼---剁椒鱼头,0.016,0.536
凉拌菠菜---焖猪手---芹菜炒腰花---辣炒鱿鱼---蒙古烤羊腿,0.016,0.536
凉拌菠菜---焖猪手---爆炒猪肝---剁椒鱼头,0.016,0.536
焖猪手---蒙古烤羊腿---豌豆薯仔猪骨汤---辣炒鱿鱼---凉拌菠菜,0.016,0.938
凉拌菠菜---焖猪手---芹菜炒腰花---蒙古烤羊腿---辣炒鱿鱼,0.016,0.938
凉拌菠菜---自制猪肉脯---芹菜炒腰花---豌豆薯仔猪骨汤---焖猪手,0.016,0.938
剁椒鱼头---自制猪肉脯---辣炒鱿鱼---焖猪手,0.016,0.652
蒙古烤羊腿---谷稻小庄---辣炒鱿鱼---焖猪手,0.016,0.652
清蒸海鱼---爆炒猪肝---芝士烩波士顿龙虾,0.016,0.536
芝士烩波士顿龙虾---芹菜炒腰花---谷稻小庄,0.016,0.536
清蒸海鱼---爆炒猪肝---谷稻小庄,0.016,0.536
水煮鱼---芹菜炒腰花---凉拌菠菜,0.016,0.652
凉拌菠菜---芹菜炒腰花---香酥两吃大虾---焖猪手,0.016,0.714
凉拌菠菜---剁椒鱼头---爆炒猪肝---芹菜炒腰花,0.016,0.682
凉拌蒜蓉西兰花---芹菜炒腰花---凉拌菠菜,0.016,0.75
凉拌菠菜---糖醋蕃茄溜青花---麻辣小龙虾,0.016,0.556
蒜香辣花甲---辣炒鱿鱼---凉拌菠菜,0.016,0.556
五色糯米饭(七色)---芹菜炒腰花---凉拌菠菜,0.016,0.556
凉拌菠菜---焖猪手---香酥两吃大虾---芹菜炒腰花,0.016,0.556
凉拌菠菜---豌豆薯仔猪骨汤---辣炒鱿鱼---剁椒鱼头,0.016,0.556
焖猪手---自制猪肉脯---芹菜炒腰花---辣炒鱿鱼---剁椒鱼头,0.016,0.517
焖猪手---爆炒猪肝---自制猪肉脯---剁椒鱼头,0.016,0.517
焖猪手---蒙古烤羊腿---辣炒鱿鱼---谷稻小庄,0.016,0.517
凉拌菠菜---剁椒鱼头---焖猪手---爆炒猪肝,0.016,0.517
凉拌菠菜---剁椒鱼头---爆炒猪肝---焖猪手,0.016,0.682
凉拌菠菜---芹菜炒腰花---谷稻小庄---辣炒鱿鱼---自制猪肉脯,0.016,0.938
凉拌菠菜---水煮鱼---辣炒鱿鱼---焖猪手,0.016,0.517
孜然羊排---芹菜炒腰花---自制猪肉脯,0.016,0.75
凉拌菠菜---姜葱炒花蟹---焖猪手---辣炒鱿鱼,0.016,0.75
孜然羊排---焖猪手---凉拌菠菜,0.016,0.714
自制猪肉脯---芝士烩波士顿龙虾---谷稻小庄---凉拌菠菜,0.016,0.714
凉拌菠菜---水煮鱼---焖猪手---辣炒鱿鱼,0.016,0.714
剁椒鱼头---焖猪手---自制猪肉脯---芹菜炒腰花---辣炒鱿鱼,0.016,0.75
自制猪肉脯---芹菜炒腰花---谷稻小庄---辣炒鱿鱼---凉拌菠菜,0.016,0.75
白胡椒胡萝卜羊肉汤---蒙古烤羊腿---凉拌菠菜,0.016,0.517
凉拌菠菜---自制猪肉脯---蒙古烤羊腿---辣炒鱿鱼---焖猪手,0.016,0.75
凉拌菠菜---焖猪手---豌豆薯仔猪骨汤---辣炒鱿鱼---蒙古烤羊腿,0.016,0.75
凉拌菠菜---剁椒鱼头---香酥两吃大虾---辣炒鱿鱼,0.016,0.75
凉拌菠菜---自制猪肉脯---谷稻小庄---芝士烩波士顿龙虾,0.016,0.536
剁椒鱼头---自制猪肉脯---蒙古烤羊腿---辣炒鱿鱼,0.015,0.933
芹菜炒腰花---豌豆薯仔猪骨汤---辣炒鱿鱼---焖猪手,0.015,0.933
剁椒鱼头---自制猪肉脯---蒙古烤羊腿---凉拌菠菜,0.015,0.933
芹菜炒腰花---豌豆薯仔猪骨汤---辣炒鱿鱼---凉拌菠菜,0.015,0.933
焖猪手---蒙古烤羊腿---麻辣小龙虾---辣炒鱿鱼,0.015,0.933
凉拌菠菜---自制猪肉脯---芹菜炒腰花---蒙古烤羊腿---焖猪手,0.015,0.933
自制猪肉脯---芝士烩波士顿龙虾---芹菜炒腰花---凉拌菠菜,0.015,0.7
凉拌菠菜---自制猪肉脯---芹菜炒腰花---蒙古烤羊腿---辣炒鱿鱼,0.015,0.933
炝炒大白菜---爆炒猪肝---凉拌菠菜,0.015,0.667
水煮鱼---辣炒鱿鱼---麻辣小龙虾---凉拌菠菜,0.015,0.778
凉拌菠菜---焖猪手---自制猪肉脯---蒙古烤羊腿---辣炒鱿鱼---芹菜炒腰花,0.015,0.933
自制猪肉脯---辣炒鱿鱼---麻辣小龙虾---凉拌菠菜,0.015,0.778
凉拌菠菜---孜然羊排---自制猪肉脯---辣炒鱿鱼,0.015,0.778
美妙绝伦之白莲花---自制猪肉脯---芹菜炒腰花---焖猪手,0.015,0.778
焖猪手---爆炒猪肝---芹菜炒腰花---辣炒鱿鱼---凉拌菠菜,0.015,0.778
水煮鱼---蒜香辣花甲---凉拌菠菜,0.015,0.667
焖猪手---芝士烩波士顿龙虾---芹菜炒腰花---凉拌菠菜,0.015,0.667
剁椒鱼头---爆炒猪肝---自制猪肉脯---芹菜炒腰花---焖猪手,0.015,0.933
凉拌菠菜---孜然羊排---辣炒鱿鱼---自制猪肉脯,0.015,0.667
凉拌菠菜---芹菜炒腰花---香酥两吃大虾---辣炒鱿鱼,0.015,0.667
凉拌菠菜---芹菜炒腰花---豌豆薯仔猪骨汤---辣炒鱿鱼,0.015,0.667
凉拌菠菜---爆炒猪肝---谷稻小庄---芹菜炒腰花,0.015,0.667
凉拌菠菜---芹菜炒腰花---豌豆薯仔猪骨汤---剁椒鱼头,0.015,0.667
凉拌菠菜---焖猪手---芹菜炒腰花---蒙古烤羊腿---辣炒鱿鱼---自制猪肉脯,0.015,0.933
剁椒鱼头---焖猪手---爆炒猪肝---自制猪肉脯---芹菜炒腰花,0.015,0.933
番茄有机花菜---辣炒鱿鱼---谷稻小庄,0.015,0.667
焖猪手---芹菜炒腰花---豌豆薯仔猪骨汤---辣炒鱿鱼,0.015,0.609
凉拌菠菜---焖猪手---爆炒猪肝---芹菜炒腰花---辣炒鱿鱼,0.015,0.609
凉拌菠菜---剁椒鱼头---爆炒猪肝---辣炒鱿鱼,0.015,0.636
姜葱炒花蟹---芹菜炒腰花---焖猪手,0.015,0.737
姜葱炒花蟹---芹菜炒腰花---凉拌菠菜,0.015,0.737
剁椒鱼头---焖猪手---自制猪肉脯---芹菜炒腰花---爆炒猪肝,0.015,0.7
凉拌菠菜---自制猪肉脯---蒙古烤羊腿---辣炒鱿鱼---芹菜炒腰花,0.015,0.7
凉拌菠菜---水煮鱼---麻辣小龙虾---辣炒鱿鱼,0.015,0.636
凉拌菠菜---孜然羊排---麻辣小龙虾---蒙古烤羊腿,0.015,0.636
凉拌菠菜---焖猪手---美妙绝伦之白莲花---芹菜炒腰花,0.015,0.636
凉拌菠菜---焖猪手---美妙绝伦之白莲花---自制猪肉脯,0.015,0.636
焖猪手---豌豆薯仔猪骨汤---辣炒鱿鱼---芹菜炒腰花,0.015,0.636
剁椒鱼头---自制猪肉脯---辣炒鱿鱼---蒙古烤羊腿,0.015,0.609
焖猪手---美妙绝伦之白莲花---自制猪肉脯---芹菜炒腰花,0.015,0.7
孜然羊排---芹菜炒腰花---凉拌菠菜,0.015,0.7
凉拌菠菜---剁椒鱼头---豌豆薯仔猪骨汤---芹菜炒腰花,0.015,0.7
凉拌菠菜---剁椒鱼头---豌豆薯仔猪骨汤---蒙古烤羊腿,0.015,0.7
爆炒猪肝---芹菜炒腰花---谷稻小庄---凉拌菠菜,0.015,0.7
凉拌菠菜---美妙绝伦之白莲花---自制猪肉脯---焖猪手,0.015,0.7
焖猪手---美妙绝伦之白莲花---自制猪肉脯---凉拌菠菜,0.015,0.7
焖猪手---爆炒猪肝---辣炒鱿鱼---凉拌菠菜,0.015,0.7
凉拌菠菜---芝士烩波士顿龙虾---芹菜炒腰花---焖猪手,0.015,0.737
凉拌菠菜---自制猪肉脯---芝士烩波士顿龙虾---焖猪手,0.015,0.737
凉拌菠菜---自制猪肉脯---芝士烩波士顿龙虾---芹菜炒腰花,0.015,0.737
焖猪手---爆炒猪肝---豌豆薯仔猪骨汤---凉拌菠菜,0.015,0.737
自制猪肉脯---蒙古烤羊腿---辣炒鱿鱼---剁椒鱼头,0.015,0.609
焖猪手---芹菜炒腰花---豌豆薯仔猪骨汤---爆炒猪肝,0.015,0.609
炝炒大白菜---芹菜炒腰花---焖猪手,0.015,0.7
凉拌菠菜---自制猪肉脯---蒙古烤羊腿---剁椒鱼头,0.015,0.609
凉拌菠菜---芹菜炒腰花---蒙古烤羊腿---辣炒鱿鱼---自制猪肉脯,0.015,0.737
凉拌菠菜---焖猪手---芝士烩波士顿龙虾---自制猪肉脯,0.015,0.609
凉拌菠菜---焖猪手---芝士烩波士顿龙虾---芹菜炒腰花,0.015,0.609
爆炒猪肝---美妙绝伦之白莲花---自制猪肉脯,0.015,0.609
爆炒猪肝---美妙绝伦之白莲花---芹菜炒腰花,0.015,0.609
水煮鱼---芹菜炒腰花---自制猪肉脯,0.015,0.609
凉拌菠菜---剁椒鱼头---焖猪手---辣炒鱿鱼---蒙古烤羊腿,0.015,0.737
焖猪手---爆炒猪肝---豌豆薯仔猪骨汤---芹菜炒腰花,0.015,0.737
水煮鱼---豌豆薯仔猪骨汤---焖猪手,0.015,0.609
水煮鱼---芹菜炒腰花---焖猪手,0.015,0.609
剁椒鱼头---炝炒大白菜---凉拌菠菜,0.015,0.609
爆炒猪肝---麻辣小龙虾---凉拌菠菜,0.015,0.609
凉拌菠菜---美妙绝伦之白莲花---芹菜炒腰花---焖猪手,0.015,0.737
凉拌菠菜---芝士烩波士顿龙虾---芹菜炒腰花---自制猪肉脯,0.015,0.737
焖猪手---辣炒鱿鱼---麻辣小龙虾---蒙古烤羊腿,0.015,0.778
炝炒大白菜---芝士烩波士顿龙虾---凉拌菠菜,0.015,0.583
芹菜炒腰花---豌豆薯仔猪骨汤---剁椒鱼头,0.015,0.538
炝炒大白菜---芝士烩波士顿龙虾---焖猪手,0.015,0.583
芹菜炒腰花---豌豆薯仔猪骨汤---爆炒猪肝,0.015,0.538
白胡椒胡萝卜羊肉汤---辣炒鱿鱼---蒙古烤羊腿,0.015,0.538
白胡椒胡萝卜羊肉汤---辣炒鱿鱼---谷稻小庄,0.015,0.538
爆炒猪肝---蒙古烤羊腿---辣炒鱿鱼,0.015,0.538
清蒸海鱼---自制猪肉脯---爆炒猪肝,0.015,0.538
炝炒大白菜---美妙绝伦之白莲花---凉拌菠菜,0.015,0.538
凉拌蒜蓉西兰花---自制猪肉脯---凉拌菠菜,0.015,0.538
清蒸海鱼---自制猪肉脯---凉拌菠菜,0.015,0.538
芹菜炒腰花---麻辣小龙虾---自制猪肉脯,0.015,0.538
西瓜胡萝卜沙拉---麻辣小龙虾---凉拌菠菜,0.015,0.538
凉拌菠菜---焖猪手---蒙古烤羊腿---辣炒鱿鱼---剁椒鱼头,0.015,0.56
凉拌菠菜---爆炒猪肝---辣炒鱿鱼---剁椒鱼头,0.015,0.56
凉拌菠菜---爆炒猪肝---辣炒鱿鱼---焖猪手,0.015,0.56
焖猪手---自制猪肉脯---芝士烩波士顿龙虾---凉拌菠菜,0.015,0.56
姜葱炒花蟹---自制猪肉脯---辣炒鱿鱼,0.015,0.56
芝士烩波士顿龙虾---豌豆薯仔猪骨汤---焖猪手,0.015,0.56
孜然羊排---蒙古烤羊腿---麻辣小龙虾---凉拌菠菜,0.015,0.824
凉拌菠菜---爆炒猪肝---豌豆薯仔猪骨汤---焖猪手,0.015,0.824
焖猪手---美妙绝伦之白莲花---芹菜炒腰花---凉拌菠菜,0.015,0.824
剁椒鱼头---爆炒猪肝---辣炒鱿鱼---凉拌菠菜,0.015,0.824
焖猪手---美妙绝伦之白莲花---芹菜炒腰花---自制猪肉脯,0.015,0.824
凉拌菠菜---爆炒猪肝---芹菜炒腰花---辣炒鱿鱼---焖猪手,0.015,0.824
剁椒鱼头---焖猪手---蒙古烤羊腿---辣炒鱿鱼---凉拌菠菜,0.015,0.824
凉拌菠菜---焖猪手---自制猪肉脯---蒙古烤羊腿---芹菜炒腰花,0.015,0.824
炝炒大白菜---美妙绝伦之白莲花---谷稻小庄,0.015,0.538
凉拌菠菜---辣炒鱿鱼---香酥两吃大虾---芹菜炒腰花,0.015,0.538
姜葱炒花蟹---自制猪肉脯---凉拌菠菜,0.015,0.56
凉拌菠菜---芹菜炒腰花---谷稻小庄---爆炒猪肝,0.015,0.538
孜然羊排---自制猪肉脯---辣炒鱿鱼---凉拌菠菜,0.015,0.875
芹菜炒腰花---辣炒鱿鱼---香酥两吃大虾---凉拌菠菜,0.015,0.875
凉拌菠菜---剁椒鱼头---孜然羊排---蒙古烤羊腿,0.015,0.875
剁椒鱼头---蒙古烤羊腿---豌豆薯仔猪骨汤---凉拌菠菜,0.015,0.875
凉拌菠菜---剁椒鱼头---焖猪手---蒙古烤羊腿---辣炒鱿鱼,0.015,0.875
焖猪手---自制猪肉脯---芹菜炒腰花---蒙古烤羊腿---凉拌菠菜,0.015,0.875
凉拌菠菜---焖猪手---芹菜炒腰花---蒙古烤羊腿---自制猪肉脯,0.015,0.875
自制猪肉脯---芹菜炒腰花---蒙古烤羊腿---辣炒鱿鱼---凉拌菠菜,0.015,0.875
剁椒鱼头---焖猪手---爆炒猪肝---芹菜炒腰花---自制猪肉脯,0.015,0.875
焖猪手---自制猪肉脯---芹菜炒腰花---蒙古烤羊腿---辣炒鱿鱼---凉拌菠菜,0.015,0.875
凉拌菠菜---自制猪肉脯---麻辣小龙虾---辣炒鱿鱼,0.015,1.0
剁椒鱼头---孜然羊排---蒙古烤羊腿---凉拌菠菜,0.015,1.0
剁椒鱼头---芹菜炒腰花---豌豆薯仔猪骨汤---凉拌菠菜,0.015,1.0
爆炒猪肝---芹菜炒腰花---豌豆薯仔猪骨汤---焖猪手,0.015,1.0
凉拌菠菜---焖猪手---爆炒猪肝---辣炒鱿鱼---芹菜炒腰花,0.015,1.0
凉拌菠菜---自制猪肉脯---芹菜炒腰花---蒙古烤羊腿---辣炒鱿鱼---焖猪手,0.015,1.0
凉拌菠菜---焖猪手---自制猪肉脯---芹菜炒腰花---蒙古烤羊腿---辣炒鱿鱼,0.015,1.0
剁椒鱼头---蒙古烤羊腿---辣炒鱿鱼---自制猪肉脯,0.015,0.519
凉拌菠菜---豌豆薯仔猪骨汤---辣炒鱿鱼---芹菜炒腰花,0.015,0.519
蒙古烤羊腿---辣炒鱿鱼---麻辣小龙虾---焖猪手,0.015,0.519
姜葱炒花蟹---焖猪手---芹菜炒腰花,0.015,0.519
大蒜苋菜---焖猪手---凉拌菠菜,0.015,0.519
焖猪手---爆炒猪肝---自制猪肉脯---芹菜炒腰花---剁椒鱼头,0.015,0.538
凉拌菠菜---剁椒鱼头---芹菜炒腰花---豌豆薯仔猪骨汤,0.015,0.538
凉拌菠菜---剁椒鱼头---自制猪肉脯---蒙古烤羊腿,0.015,0.538
谷稻小庄---豌豆薯仔猪骨汤---凉拌菠菜,0.015,0.56
凉拌蒜蓉西兰花---自制猪肉脯---谷稻小庄,0.015,0.538
凉拌菠菜---剁椒鱼头---蒙古烤羊腿---辣炒鱿鱼---焖猪手,0.015,0.583
凉拌菠菜---蒙古烤羊腿---豌豆薯仔猪骨汤---剁椒鱼头,0.015,0.583
剁椒鱼头---豌豆薯仔猪骨汤---芹菜炒腰花,0.015,0.583
剁椒鱼头---孜然羊排---蒙古烤羊腿,0.015,0.583
爆炒猪肝---豌豆薯仔猪骨汤---芹菜炒腰花,0.015,0.583
凉拌菠菜---焖猪手---自制猪肉脯---芹菜炒腰花---辣炒鱿鱼---蒙古烤羊腿,0.015,0.583
焖猪手---美妙绝伦之白莲花---芝士烩波士顿龙虾---凉拌菠菜,0.014,0.684
五色糯米饭(七色)---爆炒猪肝---凉拌菠菜,0.014,0.591
凉拌菠菜---焖猪手---芹菜炒腰花---豌豆薯仔猪骨汤---辣炒鱿鱼,0.014,0.684
凉拌菠菜---剁椒鱼头---焖猪手---辣炒鱿鱼---豌豆薯仔猪骨汤,0.014,0.684
凉拌菠菜---剁椒鱼头---焖猪手---芹菜炒腰花---爆炒猪肝,0.014,0.684
凉拌菠菜---焖猪手---芹菜炒腰花---豌豆薯仔猪骨汤---剁椒鱼头,0.014,0.684
凉拌菠菜---剁椒鱼头---焖猪手---芹菜炒腰花---豌豆薯仔猪骨汤,0.014,0.684
炝炒大白菜---焖猪手---芹菜炒腰花---自制猪肉脯,0.014,0.929
大蒜苋菜---爆炒猪肝---凉拌菠菜,0.014,0.591
凉拌菠菜---焖猪手---豌豆薯仔猪骨汤---辣炒鱿鱼---剁椒鱼头,0.014,0.65
凉拌菠菜---剁椒鱼头---自制猪肉脯---芹菜炒腰花---辣炒鱿鱼,0.014,0.65
凉拌菠菜---自制猪肉脯---蒙古烤羊腿---辣炒鱿鱼---剁椒鱼头,0.014,0.65
凉拌菠菜---焖猪手---谷稻小庄---辣炒鱿鱼---芹菜炒腰花,0.014,0.684
凉拌菠菜---焖猪手---豌豆薯仔猪骨汤---辣炒鱿鱼---芹菜炒腰花,0.014,0.65
自制猪肉脯---芝士烩波士顿龙虾---芹菜炒腰花---谷稻小庄,0.014,0.65
自制猪肉脯---芝士烩波士顿龙虾---芹菜炒腰花---爆炒猪肝,0.014,0.65
焖猪手---美妙绝伦之白莲花---自制猪肉脯---芝士烩波士顿龙虾,0.014,0.65
凉拌菠菜---剁椒鱼头---香酥两吃大虾---芹菜炒腰花,0.014,0.65
凉拌菠菜---美妙绝伦之白莲花---芝士烩波士顿龙虾---焖猪手,0.014,0.65
凉拌菠菜---焖猪手---芹菜炒腰花---谷稻小庄---辣炒鱿鱼,0.014,0.684
剁椒鱼头---爆炒猪肝---自制猪肉脯---辣炒鱿鱼,0.014,0.684
蒙古烤羊腿---香辣爆羊肝---谷稻小庄,0.014,0.65
焖猪手---美妙绝伦之白莲花---芝士烩波士顿龙虾---自制猪肉脯,0.014,0.684
爆炒猪肝---美妙绝伦之白莲花---芹菜炒腰花---自制猪肉脯,0.014,0.929
剁椒鱼头---孜然羊排---蒙古烤羊腿---辣炒鱿鱼,0.014,0.929
凉拌蒜蓉西兰花---小米南瓜粥---凉拌菠菜,0.014,0.684
培根紫菜卷---辣炒鱿鱼---谷稻小庄,0.014,0.684
谷稻小庄---辣炒鱿鱼---麻辣小龙虾---凉拌菠菜,0.014,0.684
豌豆薯仔猪骨汤---麻辣小龙虾---焖猪手,0.014,0.542
豌豆薯仔猪骨汤---麻辣小龙虾---蒙古烤羊腿,0.014,0.542
农夫山泉NFC果汁100%橙汁---凉拌菠菜---剁椒鱼头,0.014,0.542
孜然羊排---水煮鱼---凉拌菠菜,0.014,0.542
孜然羊排---炝炒大白菜---凉拌菠菜,0.014,0.542
炝炒大白菜---蒙古烤羊腿---凉拌菠菜,0.014,0.542
水煮鱼---清爽拌凉面---谷稻小庄,0.014,0.542
清蒸海鱼---焖猪手---爆炒猪肝,0.014,0.542
五色糯米饭(七色)---冰糖红豆薏米粥---谷稻小庄,0.014,0.542
凉拌菠菜---芝士烩波士顿龙虾---谷稻小庄---焖猪手,0.014,0.542
凉拌菠菜---姜葱炒花蟹---辣炒鱿鱼---自制猪肉脯,0.014,0.542
凉拌菠菜---芝士烩波士顿龙虾---谷稻小庄---五色糯米饭(七色),0.014,0.542
焖猪手---自制猪肉脯---豌豆薯仔猪骨汤---辣炒鱿鱼,0.014,0.542
凉拌菠菜---剁椒鱼头---蒙古烤羊腿---辣炒鱿鱼---孜然羊排,0.014,0.542
凉拌菠菜---剁椒鱼头---蒙古烤羊腿---辣炒鱿鱼---自制猪肉脯,0.014,0.542
凉拌菠菜---焖猪手---自制猪肉脯---芹菜炒腰花---辣炒鱿鱼---谷稻小庄,0.014,0.542
凉拌菠菜---水煮鱼---自制猪肉脯---辣炒鱿鱼,0.014,0.684
焖猪手---爆炒猪肝---芝士烩波士顿龙虾---自制猪肉脯,0.014,0.684
炝炒大白菜---芹菜炒腰花---自制猪肉脯,0.014,0.65
清蒸海鱼---芹菜炒腰花---爆炒猪肝,0.014,0.65
孜然羊排---芹菜炒腰花---辣炒鱿鱼,0.014,0.65
炝炒大白菜---自制猪肉脯---芹菜炒腰花---焖猪手,0.014,1.0
凉拌菠菜---孜然羊排---自制猪肉脯---芹菜炒腰花,0.014,0.722
美妙绝伦之白莲花---自制猪肉脯---芝士烩波士顿龙虾---焖猪手,0.014,0.722
剁椒鱼头---焖猪手---豌豆薯仔猪骨汤---辣炒鱿鱼,0.014,0.722
剁椒鱼头---焖猪手---豌豆薯仔猪骨汤---芹菜炒腰花,0.014,0.722
美妙绝伦之白莲花---自制猪肉脯---芹菜炒腰花---爆炒猪肝,0.014,0.722
凉拌菠菜---剁椒鱼头---自制猪肉脯---辣炒鱿鱼---蒙古烤羊腿,0.014,0.722
凉拌菠菜---剁椒鱼头---自制猪肉脯---辣炒鱿鱼---芹菜炒腰花,0.014,0.722
凉拌菠菜---焖猪手---自制猪肉脯---芹菜炒腰花---谷稻小庄---辣炒鱿鱼,0.014,0.722
姜葱炒花蟹---焖猪手---蒙古烤羊腿---辣炒鱿鱼---凉拌菠菜,0.014,1.0
爆炒猪肝---芝士烩波士顿龙虾---芹菜炒腰花---自制猪肉脯,0.014,1.0
姜葱炒花蟹---白胡椒胡萝卜羊肉汤---蒙古烤羊腿,0.014,0.722
剁椒鱼头---芹菜炒腰花---香酥两吃大虾---凉拌菠菜,0.014,0.929
剁椒鱼头---焖猪手---美妙绝伦之白莲花---凉拌菠菜,0.014,0.929
凉拌菠菜---姜葱炒花蟹---自制猪肉脯---辣炒鱿鱼,0.014,0.929
姜葱炒花蟹---自制猪肉脯---辣炒鱿鱼---凉拌菠菜,0.014,0.929
自制猪肉脯---芹菜炒腰花---麻辣小龙虾---焖猪手,0.014,0.929
谷稻小庄---香辣爆羊肝---蒙古烤羊腿,0.014,0.52
谷稻小庄---豌豆薯仔猪骨汤---辣炒鱿鱼,0.014,0.52
姜葱炒花蟹---自制猪肉脯---蒙古烤羊腿,0.014,0.52
剁椒鱼头---水煮鱼---凉拌菠菜,0.014,0.52
五色糯米饭(七色)---芝士烩波士顿龙虾---谷稻小庄---凉拌菠菜,0.014,0.722
剁椒鱼头---焖猪手---豌豆薯仔猪骨汤---辣炒鱿鱼---凉拌菠菜,0.014,1.0
清蒸海鱼---芹菜炒腰花---自制猪肉脯,0.014,0.65
焖猪手---自制猪肉脯---芝士烩波士顿龙虾---爆炒猪肝,0.014,0.52
焖猪手---芹菜炒腰花---豌豆薯仔猪骨汤---辣炒鱿鱼---凉拌菠菜,0.014,0.929
培根紫菜卷---水煮鱼---谷稻小庄,0.014,0.65
炝炒大白菜---芹菜炒腰花---凉拌菠菜,0.014,0.65
冰糖红豆薏米粥---芝士烩波士顿龙虾---谷稻小庄,0.014,0.591
剁椒鱼头---蒜香辣花甲---辣炒鱿鱼,0.014,0.591
凉拌菠菜---焖猪手---蒙古烤羊腿---辣炒鱿鱼---姜葱炒花蟹,0.014,0.52
剁椒鱼头---芹菜炒腰花---豌豆薯仔猪骨汤---焖猪手,0.014,0.929
剁椒鱼头---焖猪手---辣炒鱿鱼---豌豆薯仔猪骨汤,0.014,0.52
焖猪手---自制猪肉脯---芝士烩波士顿龙虾---美妙绝伦之白莲花,0.014,0.52
凉拌菠菜---芹菜炒腰花---蒙古烤羊腿---剁椒鱼头,0.014,0.52
剁椒鱼头---焖猪手---芹菜炒腰花---豌豆薯仔猪骨汤---凉拌菠菜,0.014,1.0
自制猪肉脯---豌豆薯仔猪骨汤---辣炒鱿鱼---焖猪手,0.014,0.929
水煮鱼---焖猪手---蒙古烤羊腿---辣炒鱿鱼,0.014,0.929
爆炒猪肝---自制猪肉脯---芝士烩波士顿龙虾---芹菜炒腰花,0.014,0.929
爆炒猪肝---自制猪肉脯---芝士烩波士顿龙虾---焖猪手,0.014,0.929
凉拌菠菜---孜然羊排---芹菜炒腰花---自制猪肉脯,0.014,0.929
剁椒鱼头---芹菜炒腰花---蒙古烤羊腿---凉拌菠菜,0.014,0.929
凉拌菠菜---焖猪手---芹菜炒腰花---谷稻小庄---辣炒鱿鱼---自制猪肉脯,0.014,1.0
凉拌菠菜---剁椒鱼头---孜然羊排---辣炒鱿鱼---蒙古烤羊腿,0.014,1.0
剁椒鱼头---孜然羊排---蒙古烤羊腿---辣炒鱿鱼---凉拌菠菜,0.014,1.0
爆炒猪肝---美妙绝伦之白莲花---自制猪肉脯---芹菜炒腰花,0.014,0.929
凉拌菠菜---芹菜炒腰花---豌豆薯仔猪骨汤---辣炒鱿鱼---焖猪手,0.014,0.929
焖猪手---芹菜炒腰花---麻辣小龙虾---自制猪肉脯,0.014,0.765
凉拌菠菜---焖猪手---芝士烩波士顿龙虾---美妙绝伦之白莲花,0.014,0.565
剁椒鱼头---蒙古烤羊腿---麻辣小龙虾---凉拌菠菜,0.014,0.812
孜然羊排---豌豆薯仔猪骨汤---凉拌菠菜,0.014,0.812
剁椒鱼头---自制猪肉脯---辣炒鱿鱼---爆炒猪肝,0.014,0.565
蒙古烤羊腿---谷稻小庄---辣炒鱿鱼---剁椒鱼头,0.014,0.565
水煮鱼---焖猪手---辣炒鱿鱼---蒙古烤羊腿,0.014,0.565
焖猪手---芝士烩波士顿龙虾---谷稻小庄---芹菜炒腰花,0.014,0.565
凉拌菠菜---焖猪手---爆炒猪肝---芹菜炒腰花---剁椒鱼头,0.014,0.565
水煮鱼---自制猪肉脯---辣炒鱿鱼---凉拌菠菜,0.014,0.565
凉拌菠菜---爆炒猪肝---自制猪肉脯---芹菜炒腰花---辣炒鱿鱼,0.014,0.591
焖猪手---芹菜炒腰花---豌豆薯仔猪骨汤---剁椒鱼头,0.014,0.565
农夫山泉NFC果汁100%橙汁---剁椒鱼头---凉拌菠菜,0.014,0.765
凉拌菠菜---剁椒鱼头---麻辣小龙虾---蒙古烤羊腿,0.014,0.765
凉拌菠菜---焖猪手---芝士烩波士顿龙虾---谷稻小庄,0.014,0.565
姜葱炒花蟹---蒙古烤羊腿---辣炒鱿鱼---焖猪手,0.014,0.765
姜葱炒花蟹---焖猪手---辣炒鱿鱼---蒙古烤羊腿,0.014,0.765
姜葱炒花蟹---焖猪手---蒙古烤羊腿---辣炒鱿鱼,0.014,0.765
炝炒大白菜---焖猪手---自制猪肉脯---芹菜炒腰花,0.014,0.765
剁椒鱼头---爆炒猪肝---辣炒鱿鱼---自制猪肉脯,0.014,0.765
凉拌菠菜---剁椒鱼头---孜然羊排---辣炒鱿鱼,0.014,0.812
凉拌蒜蓉西兰花---爆炒猪肝---凉拌菠菜,0.014,0.619
番茄有机花菜---辣炒鱿鱼---水煮鱼,0.014,0.619
凉拌菠菜---谷稻小庄---麻辣小龙虾---辣炒鱿鱼,0.014,0.619
凉拌菠菜---孜然羊排---蒙古烤羊腿---辣炒鱿鱼---剁椒鱼头,0.014,0.812
凉拌菠菜---美妙绝伦之白莲花---自制猪肉脯---芹菜炒腰花---焖猪手,0.014,0.812
凉拌菠菜---剁椒鱼头---焖猪手---豌豆薯仔猪骨汤---芹菜炒腰花,0.014,0.812
剁椒鱼头---焖猪手---爆炒猪肝---芹菜炒腰花---凉拌菠菜,0.014,0.812
凉拌菠菜---剁椒鱼头---焖猪手---豌豆薯仔猪骨汤---辣炒鱿鱼,0.014,0.812
凉拌菠菜---芹菜炒腰花---谷稻小庄---辣炒鱿鱼---焖猪手,0.014,0.812
凉拌菠菜---姜葱炒花蟹---焖猪手---蒙古烤羊腿---辣炒鱿鱼,0.014,0.812
凉拌菠菜---姜葱炒花蟹---蒙古烤羊腿---辣炒鱿鱼---焖猪手,0.014,0.812
剁椒鱼头---蒙古烤羊腿---谷稻小庄---辣炒鱿鱼,0.014,0.812
孜然羊排---蒙古烤羊腿---辣炒鱿鱼---剁椒鱼头,0.014,0.619
水煮鱼---蒙古烤羊腿---辣炒鱿鱼---焖猪手,0.014,0.619
自制猪肉脯---芝士烩波士顿龙虾---谷稻小庄---芹菜炒腰花,0.014,0.619
焖猪手---芝士烩波士顿龙虾---芹菜炒腰花---谷稻小庄,0.014,0.619
凉拌菠菜---芹菜炒腰花---香酥两吃大虾---剁椒鱼头,0.014,0.619
五色糯米饭(七色)---凉拌菠菜---谷稻小庄---芝士烩波士顿龙虾,0.014,0.619
凉拌菠菜---孜然羊排---辣炒鱿鱼---剁椒鱼头,0.014,0.619
凉拌菠菜---剁椒鱼头---美妙绝伦之白莲花---焖猪手,0.014,0.619
剁椒鱼头---谷稻小庄---辣炒鱿鱼---蒙古烤羊腿,0.014,0.765
焖猪手---芹菜炒腰花---谷稻小庄---辣炒鱿鱼---凉拌菠菜,0.014,0.765
爆炒猪肝---自制猪肉脯---芹菜炒腰花---辣炒鱿鱼---凉拌菠菜,0.014,0.765
五色糯米饭(七色)---凉拌菠菜---芝士烩波士顿龙虾---谷稻小庄,0.014,0.591
凉拌菠菜---焖猪手---自制猪肉脯---谷稻小庄---辣炒鱿鱼---芹菜炒腰花,0.014,0.867
孜然羊排---爆炒猪肝---辣炒鱿鱼,0.014,0.565
爆炒猪肝---美妙绝伦之白莲花---焖猪手,0.014,0.565
凉拌菠菜---剁椒鱼头---自制猪肉脯---蒙古烤羊腿---辣炒鱿鱼,0.014,0.929
番茄炖牛腩---辣炒鱿鱼---谷稻小庄,0.014,0.565
爆炒猪肝---麻辣小龙虾---辣炒鱿鱼,0.014,0.565
焖猪手---豌豆薯仔猪骨汤---辣炒鱿鱼---自制猪肉脯,0.014,0.591
凉拌菠菜---焖猪手---美妙绝伦之白莲花---剁椒鱼头,0.014,0.591
凉拌菠菜---爆炒猪肝---芹菜炒腰花---辣炒鱿鱼---自制猪肉脯,0.014,0.765
凉拌菠菜---焖猪手---美妙绝伦之白莲花---芝士烩波士顿龙虾,0.014,0.591
剁椒鱼头---自制猪肉脯---蒙古烤羊腿---辣炒鱿鱼---凉拌菠菜,0.014,0.929
凉拌菠菜---剁椒鱼头---孜然羊排---蒙古烤羊腿---辣炒鱿鱼,0.014,0.929
凉拌菠菜---焖猪手---美妙绝伦之白莲花---自制猪肉脯---芹菜炒腰花,0.014,0.929
凉拌菠菜---焖猪手---美妙绝伦之白莲花---芹菜炒腰花---自制猪肉脯,0.014,0.929
焖猪手---美妙绝伦之白莲花---自制猪肉脯---芹菜炒腰花---凉拌菠菜,0.014,0.929
凉拌菠菜---剁椒鱼头---芹菜炒腰花---豌豆薯仔猪骨汤---焖猪手,0.014,0.929
凉拌菠菜---自制猪肉脯---芹菜炒腰花---谷稻小庄---辣炒鱿鱼---焖猪手,0.014,0.867
凉拌菠菜---剁椒鱼头---焖猪手---爆炒猪肝---芹菜炒腰花,0.014,0.867
凉拌菠菜---剁椒鱼头---爆炒猪肝---芹菜炒腰花---焖猪手,0.014,0.867
凉拌菠菜---剁椒鱼头---豌豆薯仔猪骨汤---辣炒鱿鱼---焖猪手,0.014,0.867
凉拌菠菜---爆炒猪肝---自制猪肉脯---辣炒鱿鱼---芹菜炒腰花,0.014,0.765
凉拌菠菜---剁椒鱼头---芹菜炒腰花---辣炒鱿鱼---自制猪肉脯,0.014,0.765
焖猪手---自制猪肉脯---芹菜炒腰花---谷稻小庄---辣炒鱿鱼---凉拌菠菜,0.014,0.765
爆炒猪肝---自制猪肉脯---辣炒鱿鱼---剁椒鱼头,0.014,0.591
焖猪手---豌豆薯仔猪骨汤---辣炒鱿鱼---剁椒鱼头,0.014,0.591
焖猪手---芝士烩波士顿龙虾---谷稻小庄---凉拌菠菜,0.014,0.565
焖猪手---蒙古烤羊腿---麻辣小龙虾---凉拌菠菜,0.014,0.867
焖猪手---自制猪肉脯---麻辣小龙虾---芹菜炒腰花,0.014,0.867
凉拌菠菜---焖猪手---麻辣小龙虾---蒙古烤羊腿,0.014,0.565
剁椒鱼头---孜然羊排---辣炒鱿鱼---凉拌菠菜,0.014,0.867
孜然羊排---自制猪肉脯---芹菜炒腰花---凉拌菠菜,0.014,0.867
芝士烩波士顿龙虾---芹菜炒腰花---谷稻小庄---焖猪手,0.014,0.867
芝士烩波士顿龙虾---芹菜炒腰花---谷稻小庄---自制猪肉脯,0.014,0.867
剁椒鱼头---豌豆薯仔猪骨汤---辣炒鱿鱼---焖猪手,0.014,0.867
剁椒鱼头---孜然羊排---辣炒鱿鱼---蒙古烤羊腿,0.014,0.867
凉拌菠菜---姜葱炒花蟹---焖猪手---辣炒鱿鱼---蒙古烤羊腿,0.014,0.867
剁椒鱼头---自制猪肉脯---芹菜炒腰花---辣炒鱿鱼---凉拌菠菜,0.014,0.812
自制猪肉脯---辣炒鱿鱼---麻辣小龙虾---蒙古烤羊腿,0.013,0.667
水煮鱼---自制猪肉脯---辣炒鱿鱼---谷稻小庄,0.013,0.522
自制猪肉脯---蒙古烤羊腿---辣炒鱿鱼---麻辣小龙虾,0.013,0.522
水煮鱼---焖猪手---辣炒鱿鱼---自制猪肉脯,0.013,0.522
水煮鱼---自制猪肉脯---辣炒鱿鱼---焖猪手,0.013,0.522
焖猪手---辣炒鱿鱼---麻辣小龙虾---自制猪肉脯,0.013,0.667
自制猪肉脯---辣炒鱿鱼---麻辣小龙虾---焖猪手,0.013,0.667
焖猪手---芹菜炒腰花---香酥两吃大虾---爆炒猪肝,0.013,0.522
意文柠檬汁---谷稻小庄---水煮鱼,0.013,0.667
凉拌蒜蓉西兰花---焖猪手---凉拌菠菜,0.013,0.667
水煮鱼---番茄炖牛腩---辣炒鱿鱼,0.013,0.667
桂圆枸杞鸽子汤---麻辣小龙虾---凉拌菠菜,0.013,0.667
芝麻烤紫菜---蒙古烤羊腿---谷稻小庄,0.013,0.522
大蒜苋菜---谷稻小庄---美妙绝伦之白莲花,0.013,0.522
孜然羊排---自制猪肉脯---蒙古烤羊腿,0.013,0.522
凉拌菠菜---水煮鱼---蒙古烤羊腿---焖猪手,0.013,0.522
水煮鱼---自制猪肉脯---辣炒鱿鱼---芹菜炒腰花,0.013,0.522
焖猪手---芝士烩波士顿龙虾---芹菜炒腰花---美妙绝伦之白莲花,0.013,0.571
凉拌菠菜---蒙古烤羊腿---辣炒鱿鱼---麻辣小龙虾---焖猪手,0.013,0.522
孜然羊排---蛋挞---凉拌菠菜,0.013,0.571
爆炒猪肝---芝士烩波士顿龙虾---芹菜炒腰花---焖猪手,0.013,0.923
剁椒鱼头---美妙绝伦之白莲花---芹菜炒腰花---凉拌菠菜,0.013,0.923
剁椒鱼头---爆炒猪肝---蒙古烤羊腿---凉拌菠菜,0.013,0.923
芝麻烤紫菜---西瓜胡萝卜沙拉---蒙古烤羊腿,0.013,0.571
自制猪肉脯---蒙古烤羊腿---麻辣小龙虾---辣炒鱿鱼,0.013,0.923
爆炒猪肝---芹菜炒腰花---香酥两吃大虾---焖猪手,0.013,0.923
孜然羊排---焖猪手---辣炒鱿鱼,0.013,0.571
凉拌菠菜---焖猪手---爆炒猪肝---芹菜炒腰花---豌豆薯仔猪骨汤,0.013,0.522
孜然羊排---焖猪手---自制猪肉脯,0.013,0.571
孜然羊排---蛋挞---辣炒鱿鱼,0.013,0.571
炝炒大白菜---爆炒猪肝---谷稻小庄,0.013,0.571
凉拌菠菜---爆炒猪肝---蒙古烤羊腿---辣炒鱿鱼,0.013,0.667
炝炒大白菜---爆炒猪肝---自制猪肉脯,0.013,0.571
独家薄荷鲜虾牛肉卷---番茄有机花菜---谷稻小庄,0.013,0.571
凉拌菠菜---水煮鱼---谷稻小庄---辣炒鱿鱼,0.013,0.667
爆炒猪肝---自制猪肉脯---芹菜炒腰花---豌豆薯仔猪骨汤---焖猪手,0.013,1.0
凉拌菠菜---自制猪肉脯---豌豆薯仔猪骨汤---辣炒鱿鱼,0.013,0.667
凉拌菠菜---孜然羊排---麻辣小龙虾---辣炒鱿鱼,0.013,0.545
凉拌菠菜---炝炒大白菜---辣炒鱿鱼---谷稻小庄,0.013,0.632
凉拌菠菜---爆炒猪肝---香酥两吃大虾---焖猪手,0.013,0.632
焖猪手---爆炒猪肝---香酥两吃大虾---凉拌菠菜,0.013,0.632
糖醋蕃茄溜青花---西瓜胡萝卜沙拉---凉拌菠菜,0.013,0.545
凉拌蒜蓉西兰花---香酥两吃大虾---凉拌菠菜,0.013,0.545
大蒜苋菜---美妙绝伦之白莲花---凉拌菠菜,0.013,0.545
冰糖红豆薏米粥---芝士烩波士顿龙虾---五色糯米饭(七色),0.013,0.545
大蒜苋菜---爆炒猪肝---焖猪手,0.013,0.545
冰糖红豆薏米粥---凉拌蒜蓉西兰花---谷稻小庄,0.013,0.545
芝麻烤紫菜---谷稻小庄---蒙古烤羊腿,0.013,0.545
大蒜苋菜---美妙绝伦之白莲花---谷稻小庄,0.013,0.545
焖猪手---爆炒猪肝---谷稻小庄---凉拌菠菜,0.013,0.632
凉拌菠菜---美妙绝伦之白莲花---芹菜炒腰花---剁椒鱼头,0.013,0.632
姜葱炒花蟹---芹菜炒腰花---自制猪肉脯,0.013,0.632
剁椒鱼头---姜葱炒花蟹---辣炒鱿鱼,0.013,0.632
冰糖红豆薏米粥---美妙绝伦之白莲花---凉拌菠菜,0.013,0.632
凉拌蒜蓉西兰花---清蒸海鱼---凉拌菠菜,0.013,0.632
剁椒鱼头---姜葱炒花蟹---凉拌菠菜,0.013,0.632
凉拌菠菜---剁椒鱼头---谷稻小庄---焖猪手,0.013,0.545
焖猪手---自制猪肉脯---香酥两吃大虾---凉拌菠菜,0.013,0.545
凉拌菠菜---剁椒鱼头---爆炒猪肝---蒙古烤羊腿,0.013,0.545
爆炒猪肝---芹菜炒腰花---辣炒鱿鱼---谷稻小庄,0.013,0.545
爆炒猪肝---芹菜炒腰花---辣炒鱿鱼---剁椒鱼头,0.013,0.545
芹菜炒腰花---蒙古烤羊腿---辣炒鱿鱼---剁椒鱼头,0.013,0.545
凉拌菠菜---美妙绝伦之白莲花---芹菜炒腰花---爆炒猪肝,0.013,0.632
焖猪手---爆炒猪肝---芝士烩波士顿龙虾---芹菜炒腰花,0.013,0.632
凉拌菠菜---爆炒猪肝---自制猪肉脯---芹菜炒腰花---剁椒鱼头,0.013,0.545
清蒸海鱼---芹菜炒腰花---谷稻小庄,0.013,0.6
凉拌菠菜---自制猪肉脯---芹菜炒腰花---谷稻小庄---爆炒猪肝,0.013,0.571
焖猪手---芝士烩波士顿龙虾---芹菜炒腰花---爆炒猪肝,0.013,0.571
凉拌菠菜---自制猪肉脯---香酥两吃大虾---芹菜炒腰花,0.013,0.571
凉拌菠菜---芹菜炒腰花---香酥两吃大虾---自制猪肉脯,0.013,0.571
凉拌菠菜---剁椒鱼头---美妙绝伦之白莲花---芹菜炒腰花,0.013,0.571
凉拌菠菜---芹菜炒腰花---豌豆薯仔猪骨汤---爆炒猪肝,0.013,0.571
蒙古烤羊腿---香辣爆羊肝---西瓜胡萝卜沙拉,0.013,0.6
蒙古烤羊腿---香辣爆羊肝---凉拌菠菜,0.013,0.6
桂圆肉红豆八宝饭---清蒸海鱼---芝士烩波士顿龙虾,0.013,0.6
清蒸海鱼---芹菜炒腰花---焖猪手,0.013,0.6
焖猪手---香烤牛排---芹菜炒腰花,0.013,0.6
凉拌菠菜---姜葱炒花蟹---焖猪手---芹菜炒腰花,0.013,0.6
焖猪手---美妙绝伦之白莲花---芝士烩波士顿龙虾---芹菜炒腰花,0.013,0.632
凉拌菠菜---剁椒鱼头---香酥两吃大虾---焖猪手,0.013,0.6
炝炒大白菜---谷稻小庄---辣炒鱿鱼---凉拌菠菜,0.013,0.6
凉拌菠菜---美妙绝伦之白莲花---自制猪肉脯---爆炒猪肝,0.013,0.6
焖猪手---爆炒猪肝---辣炒鱿鱼---剁椒鱼头,0.013,0.6
凉拌菠菜---焖猪手---爆炒猪肝---自制猪肉脯---芹菜炒腰花---辣炒鱿鱼,0.013,0.632
凉拌菠菜---剁椒鱼头---焖猪手---辣炒鱿鱼---自制猪肉脯,0.013,0.632
凉拌菠菜---焖猪手---芹菜炒腰花---豌豆薯仔猪骨汤---爆炒猪肝,0.013,0.632
蒙古烤羊腿---豌豆薯仔猪骨汤---辣炒鱿鱼---剁椒鱼头,0.013,0.632
焖猪手---蒙古烤羊腿---豌豆薯仔猪骨汤---剁椒鱼头,0.013,0.632
焖猪手---爆炒猪肝---豌豆薯仔猪骨汤---自制猪肉脯,0.013,0.632
焖猪手---爆炒猪肝---香酥两吃大虾---芹菜炒腰花,0.013,0.632
凉拌菠菜---爆炒猪肝---自制猪肉脯---芹菜炒腰花---谷稻小庄,0.013,0.545
剁椒鱼头---焖猪手---蒙古烤羊腿---豌豆薯仔猪骨汤,0.013,0.6
爆炒猪肝---自制猪肉脯---谷稻小庄---凉拌菠菜,0.013,0.667
焖猪手---自制猪肉脯---芹菜炒腰花---豌豆薯仔猪骨汤---爆炒猪肝,0.013,0.667
五色糯米饭(七色)---剁椒鱼头---凉拌菠菜,0.013,0.522
芝麻烤紫菜---蒙古烤羊腿---凉拌菠菜,0.013,0.522
凉拌菠菜---芝麻烤紫菜---蒙古烤羊腿,0.013,0.522
水煮鱼---豌豆薯仔猪骨汤---辣炒鱿鱼,0.013,0.522
水煮鱼---豌豆薯仔猪骨汤---蒙古烤羊腿,0.013,0.522
孜然羊排---自制猪肉脯---焖猪手,0.013,0.522
清爽拌凉面---辣炒鱿鱼---谷稻小庄,0.013,0.522
孜然羊排---自制猪肉脯---爆炒猪肝,0.013,0.522
孜然羊排---爆炒猪肝---自制猪肉脯,0.013,0.522
剁椒鱼头---焖猪手---芹菜炒腰花---辣炒鱿鱼---爆炒猪肝,0.013,0.667
焖猪手---爆炒猪肝---芹菜炒腰花---辣炒鱿鱼---剁椒鱼头,0.013,0.667
焖猪手---自制猪肉脯---芝士烩波士顿龙虾---芹菜炒腰花---谷稻小庄,0.013,0.667
番茄炖牛腩---辣炒鱿鱼---水煮鱼,0.013,0.522
焖猪手---自制猪肉脯---芝士烩波士顿龙虾---芹菜炒腰花---爆炒猪肝,0.013,0.667
孜然羊排---自制猪肉脯---谷稻小庄,0.013,0.522
凉拌菠菜---剁椒鱼头---自制猪肉脯---辣炒鱿鱼---焖猪手,0.013,0.667
焖猪手---自制猪肉脯---芝士烩波士顿龙虾---芹菜炒腰花---凉拌菠菜,0.013,0.667
美妙绝伦之白莲花---自制猪肉脯---芹菜炒腰花---辣炒鱿鱼,0.013,0.667
剁椒鱼头---爆炒猪肝---芹菜炒腰花---辣炒鱿鱼,0.013,0.667
剁椒鱼头---焖猪手---豌豆薯仔猪骨汤---蒙古烤羊腿,0.013,0.667
剁椒鱼头---焖猪手---爆炒猪肝---辣炒鱿鱼,0.013,0.667
水煮鱼---自制猪肉脯---谷稻小庄---辣炒鱿鱼,0.013,0.667
自制猪肉脯---芹菜炒腰花---香酥两吃大虾---凉拌菠菜,0.013,0.667
凉拌菠菜---爆炒猪肝---蒙古烤羊腿---剁椒鱼头,0.013,0.667
蒜香辣花甲---谷稻小庄---凉拌菠菜,0.013,0.522
芝麻烤紫菜---蒙古烤羊腿---西瓜胡萝卜沙拉,0.013,0.522
爆炒猪肝---芹菜炒腰花---谷稻小庄---辣炒鱿鱼,0.013,0.6
凉拌菠菜---孜然羊排---辣炒鱿鱼---麻辣小龙虾,0.013,0.571
剁椒鱼头---芹菜炒腰花---辣炒鱿鱼---爆炒猪肝,0.013,0.6
剁椒鱼头---芹菜炒腰花---辣炒鱿鱼---蒙古烤羊腿,0.013,0.6
自制猪肉脯---芹菜炒腰花---豌豆薯仔猪骨汤---爆炒猪肝,0.013,0.6
凉拌菠菜---焖猪手---爆炒猪肝---自制猪肉脯---辣炒鱿鱼,0.013,0.6
凉拌菠菜---焖猪手---爆炒猪肝---自制猪肉脯---剁椒鱼头,0.013,0.6
凉拌菠菜---剁椒鱼头---自制猪肉脯---芹菜炒腰花---爆炒猪肝,0.013,0.6
凉拌菠菜---爆炒猪肝---谷稻小庄---自制猪肉脯,0.013,0.571
凉拌菠菜---自制猪肉脯---香酥两吃大虾---焖猪手,0.013,0.571
凉拌菠菜---爆炒猪肝---谷稻小庄---焖猪手,0.013,0.571
凉拌菠菜---水煮鱼---焖猪手---蒙古烤羊腿,0.013,0.571
孜然羊排---蒙古烤羊腿---辣炒鱿鱼---麻辣小龙虾,0.013,0.571
凉拌菠菜---剁椒鱼头---焖猪手---自制猪肉脯---辣炒鱿鱼---芹菜炒腰花,0.013,1.0
西瓜胡萝卜沙拉---香辣爆羊肝---蒙古烤羊腿,0.013,0.522
凉拌菠菜---焖猪手---爆炒猪肝---自制猪肉脯---辣炒鱿鱼---芹菜炒腰花,0.013,1.0
剁椒鱼头---焖猪手---爆炒猪肝---辣炒鱿鱼---芹菜炒腰花,0.013,1.0
剁椒鱼头---爆炒猪肝---芹菜炒腰花---辣炒鱿鱼---焖猪手,0.013,1.0
焖猪手---爆炒猪肝---自制猪肉脯---豌豆薯仔猪骨汤---芹菜炒腰花,0.013,1.0
自制猪肉脯---芝士烩波士顿龙虾---谷稻小庄---清蒸海鱼,0.013,0.571
焖猪手---爆炒猪肝---芝士烩波士顿龙虾---芹菜炒腰花---自制猪肉脯,0.013,1.0
凉拌菠菜---爆炒猪肝---自制猪肉脯---谷稻小庄---芹菜炒腰花,0.013,1.0
剁椒鱼头---蒙古烤羊腿---豌豆薯仔猪骨汤---辣炒鱿鱼---凉拌菠菜,0.013,1.0
凉拌菠菜---爆炒猪肝---芹菜炒腰花---豌豆薯仔猪骨汤---焖猪手,0.013,1.0
爆炒猪肝---自制猪肉脯---豌豆薯仔猪骨汤---芹菜炒腰花,0.013,1.0
爆炒猪肝---自制猪肉脯---豌豆薯仔猪骨汤---焖猪手,0.013,1.0
美妙绝伦之白莲花---芝士烩波士顿龙虾---芹菜炒腰花---焖猪手,0.013,0.923
爆炒猪肝---自制猪肉脯---芹菜炒腰花---谷稻小庄---凉拌菠菜,0.013,0.667
凉拌菠菜---蒙古烤羊腿---豌豆薯仔猪骨汤---辣炒鱿鱼---剁椒鱼头,0.013,0.706
凉拌菠菜---焖猪手---自制猪肉脯---芝士烩波士顿龙虾---芹菜炒腰花,0.013,0.857
凉拌菠菜---剁椒鱼头---焖猪手---爆炒猪肝---自制猪肉脯,0.013,0.8
剁椒鱼头---焖猪手---爆炒猪肝---自制猪肉脯---凉拌菠菜,0.013,0.8
剁椒鱼头---焖猪手---自制猪肉脯---辣炒鱿鱼---凉拌菠菜,0.013,0.8
凉拌菠菜---焖猪手---辣炒鱿鱼---麻辣小龙虾---蒙古烤羊腿,0.013,0.8
剁椒鱼头---自制猪肉脯---谷稻小庄---芹菜炒腰花,0.013,0.8
剁椒鱼头---豌豆薯仔猪骨汤---辣炒鱿鱼---蒙古烤羊腿,0.013,0.8
炝炒大白菜---自制猪肉脯---谷稻小庄---焖猪手,0.013,0.8
清蒸海鱼---自制猪肉脯---芝士烩波士顿龙虾---谷稻小庄,0.013,0.8
焖猪手---辣炒鱿鱼---香酥两吃大虾---凉拌菠菜,0.013,0.8
剁椒鱼头---辣炒鱿鱼---麻辣小龙虾---蒙古烤羊腿,0.013,0.8
焖猪手---自制猪肉脯---麻辣小龙虾---辣炒鱿鱼,0.013,0.8
白胡椒胡萝卜羊肉汤---芹菜炒腰花---自制猪肉脯,0.013,0.8
芹菜炒腰花---香烤牛排---焖猪手,0.013,0.8
白胡椒胡萝卜羊肉汤---芹菜炒腰花---凉拌菠菜,0.013,0.8
孜然羊排---辣炒鱿鱼---麻辣小龙虾---凉拌菠菜,0.013,0.75
凉拌菠菜---焖猪手---爆炒猪肝---芹菜炒腰花---辣炒鱿鱼---自制猪肉脯,0.013,0.857
焖猪手---爆炒猪肝---芹菜炒腰花---豌豆薯仔猪骨汤---自制猪肉脯,0.013,0.857
凉拌菠菜---爆炒猪肝---芹菜炒腰花---谷稻小庄---自制猪肉脯,0.013,0.857
凉拌菠菜---剁椒鱼头---蒙古烤羊腿---豌豆薯仔猪骨汤---辣炒鱿鱼,0.013,0.857
凉拌菠菜---焖猪手---爆炒猪肝---豌豆薯仔猪骨汤---芹菜炒腰花,0.013,0.857
焖猪手---爆炒猪肝---芹菜炒腰花---豌豆薯仔猪骨汤---凉拌菠菜,0.013,0.857
凉拌菠菜---剁椒鱼头---豌豆薯仔猪骨汤---辣炒鱿鱼---蒙古烤羊腿,0.013,0.8
剁椒鱼头---爆炒猪肝---自制猪肉脯---芹菜炒腰花---凉拌菠菜,0.013,0.8
凉拌菠菜---剁椒鱼头---爆炒猪肝---芹菜炒腰花---自制猪肉脯,0.013,0.8
焖猪手---自制猪肉脯---芝士烩波士顿龙虾---谷稻小庄---芹菜炒腰花,0.013,0.75
孜然羊排---辣炒鱿鱼---麻辣小龙虾---蒙古烤羊腿,0.013,0.75
凉拌菠菜---爆炒猪肝---美妙绝伦之白莲花---芹菜炒腰花,0.013,0.75
凉拌菠菜---爆炒猪肝---美妙绝伦之白莲花---自制猪肉脯,0.013,0.75
清蒸海鱼---芝士烩波士顿龙虾---谷稻小庄---自制猪肉脯,0.013,0.75
水煮鱼---芹菜炒腰花---辣炒鱿鱼---自制猪肉脯,0.013,0.75
剁椒鱼头---蒙古烤羊腿---豌豆薯仔猪骨汤---焖猪手,0.013,0.75
剁椒鱼头---蒙古烤羊腿---豌豆薯仔猪骨汤---辣炒鱿鱼,0.013,0.75
凉拌菠菜---剁椒鱼头---爆炒猪肝---自制猪肉脯---焖猪手,0.013,0.75
凉拌菠菜---剁椒鱼头---爆炒猪肝---自制猪肉脯---芹菜炒腰花,0.013,0.75
剁椒鱼头---焖猪手---爆炒猪肝---芹菜炒腰花---辣炒鱿鱼,0.013,0.75
剁椒鱼头---焖猪手---自制猪肉脯---芹菜炒腰花---辣炒鱿鱼---凉拌菠菜,0.013,0.8
焖猪手---爆炒猪肝---自制猪肉脯---芹菜炒腰花---辣炒鱿鱼---凉拌菠菜,0.013,0.75
凉拌菠菜---剁椒鱼头---焖猪手---自制猪肉脯---芹菜炒腰花---辣炒鱿鱼,0.013,0.75
孜然羊排---豌豆薯仔猪骨汤---蒙古烤羊腿,0.013,0.75
凉拌菠菜---剁椒鱼头---焖猪手---自制猪肉脯---爆炒猪肝,0.013,0.706
凉拌菠菜---剁椒鱼头---自制猪肉脯---芹菜炒腰花---辣炒鱿鱼---焖猪手,0.013,0.923
凉拌菠菜---爆炒猪肝---自制猪肉脯---芹菜炒腰花---辣炒鱿鱼---焖猪手,0.013,0.923
焖猪手---芝士烩波士顿龙虾---芹菜炒腰花---谷稻小庄---自制猪肉脯,0.013,0.923
自制猪肉脯---芝士烩波士顿龙虾---芹菜炒腰花---谷稻小庄---焖猪手,0.013,0.923
凉拌菠菜---剁椒鱼头---焖猪手---芹菜炒腰花---辣炒鱿鱼---自制猪肉脯,0.013,0.8
凉拌菠菜---焖猪手---爆炒猪肝---辣炒鱿鱼---自制猪肉脯,0.013,0.857
剁椒鱼头---蒙古烤羊腿---麻辣小龙虾---辣炒鱿鱼,0.013,0.75
凉拌菠菜---焖猪手---芝士烩波士顿龙虾---芹菜炒腰花---自制猪肉脯,0.013,0.857
爆炒猪肝---谷稻小庄---辣炒鱿鱼---芹菜炒腰花,0.013,0.857
白胡椒胡萝卜羊肉汤---自制猪肉脯---凉拌菠菜,0.013,0.706
红酒炖羊肉---蒙古烤羊腿---凉拌菠菜,0.013,0.706
剁椒鱼头---芹菜炒腰花---谷稻小庄---自制猪肉脯,0.013,0.923
凉拌菠菜---焖猪手---蒙古烤羊腿---麻辣小龙虾---辣炒鱿鱼,0.013,0.923
爆炒猪肝---自制猪肉脯---芝士烩波士顿龙虾---芹菜炒腰花---焖猪手,0.013,0.923
焖猪手---爆炒猪肝---自制猪肉脯---芝士烩波士顿龙虾---芹菜炒腰花,0.013,0.923
蒜香辣花甲---豌豆薯仔猪骨汤---焖猪手,0.013,0.857
姜葱炒花蟹---焖猪手---芹菜炒腰花---凉拌菠菜,0.013,0.857
凉拌菠菜---姜葱炒花蟹---芹菜炒腰花---焖猪手,0.013,0.857
水煮鱼---焖猪手---蒙古烤羊腿---凉拌菠菜,0.013,0.857
凉拌菠菜---自制猪肉脯---芝士烩波士顿龙虾---芹菜炒腰花---焖猪手,0.013,0.857
爆炒猪肝---蒙古烤羊腿---辣炒鱿鱼---凉拌菠菜,0.013,0.857
自制猪肉脯---豌豆薯仔猪骨汤---辣炒鱿鱼---凉拌菠菜,0.013,0.857
爆炒猪肝---芹菜炒腰花---豌豆薯仔猪骨汤---凉拌菠菜,0.013,0.857
爆炒猪肝---美妙绝伦之白莲花---芹菜炒腰花---凉拌菠菜,0.013,0.857
爆炒猪肝---美妙绝伦之白莲花---自制猪肉脯---凉拌菠菜,0.013,0.857
水煮鱼---焖猪手---自制猪肉脯---辣炒鱿鱼,0.013,0.857
孜然羊排---清爽拌凉面---凉拌菠菜,0.013,0.706
大蒜苋菜---蒙古烤羊腿---凉拌菠菜,0.013,0.706
冰糖红豆薏米粥---芹菜炒腰花---自制猪肉脯,0.013,0.706
剁椒鱼头---谷稻小庄---辣炒鱿鱼---焖猪手,0.013,0.706
凉拌菠菜---剁椒鱼头---焖猪手---自制猪肉脯---辣炒鱿鱼,0.013,0.706
凉拌菠菜---爆炒猪肝---自制猪肉脯---辣炒鱿鱼---焖猪手,0.013,0.706
焖猪手---爆炒猪肝---自制猪肉脯---辣炒鱿鱼---凉拌菠菜,0.013,0.706
剁椒鱼头---爆炒猪肝---辣炒鱿鱼---芹菜炒腰花,0.013,0.706
炝炒大白菜---焖猪手---自制猪肉脯---谷稻小庄,0.013,0.706
炝炒大白菜---焖猪手---谷稻小庄---自制猪肉脯,0.013,0.706
剁椒鱼头---焖猪手---谷稻小庄---辣炒鱿鱼,0.013,0.706
剁椒鱼头---爆炒猪肝---辣炒鱿鱼---焖猪手,0.013,0.706
白胡椒胡萝卜羊肉汤---自制猪肉脯---芹菜炒腰花,0.013,0.706
清蒸海鱼---自制猪肉脯---谷稻小庄---芝士烩波士顿龙虾,0.013,0.706
焖猪手---美妙绝伦之白莲花---芹菜炒腰花---芝士烩波士顿龙虾,0.013,0.706
凉拌菠菜---爆炒猪肝---豌豆薯仔猪骨汤---芹菜炒腰花,0.013,0.706
凉拌菠菜---炝炒大白菜---谷稻小庄---辣炒鱿鱼,0.013,0.706
剁椒鱼头---焖猪手---谷稻小庄---凉拌菠菜,0.013,0.706
焖猪手---蒙古烤羊腿---谷稻小庄---凉拌菠菜,0.013,0.706
孜然羊排---蒙古烤羊腿---麻辣小龙虾---辣炒鱿鱼,0.013,0.706
水煮鱼---自制猪肉脯---芹菜炒腰花---辣炒鱿鱼,0.013,0.857
剁椒鱼头---焖猪手---香酥两吃大虾---凉拌菠菜,0.013,0.857
焖猪手---蒙古烤羊腿---辣炒鱿鱼---麻辣小龙虾---凉拌菠菜,0.013,0.857
爆炒猪肝---芹菜炒腰花---豌豆薯仔猪骨汤---自制猪肉脯,0.013,0.857
美妙绝伦之白莲花---自制猪肉脯---辣炒鱿鱼---芹菜炒腰花,0.013,0.857
美妙绝伦之白莲花---芹菜炒腰花---辣炒鱿鱼---自制猪肉脯,0.013,0.857
剁椒鱼头---芹菜炒腰花---蒙古烤羊腿---辣炒鱿鱼,0.013,0.857
凉拌菠菜---自制猪肉脯---香酥两吃大虾---剁椒鱼头,0.012,0.524
照烧鸡腿---辣炒鱿鱼---谷稻小庄,0.012,0.579
培根紫菜卷---辣炒鱿鱼---水煮鱼,0.012,0.579
美妙绝伦之白莲花---豌豆薯仔猪骨汤---焖猪手,0.012,0.579
意文柠檬汁---自制猪肉脯---香酥两吃大虾,0.012,0.579
凉拌蒜蓉西兰花---清蒸海鱼---谷稻小庄,0.012,0.579
爆炒猪肝---香烤牛排---辣炒鱿鱼,0.012,0.579
凉拌菠菜---蛋挞---辣炒鱿鱼---麻辣小龙虾,0.012,0.579
冰糖红豆薏米粥---美妙绝伦之白莲花---谷稻小庄,0.012,0.579
山药养生粥---自制猪肉脯---谷稻小庄,0.012,0.579
姜葱炒花蟹---芹菜炒腰花---蒙古烤羊腿,0.012,0.579
焖猪手---爆炒猪肝---芝士烩波士顿龙虾---凉拌菠菜,0.012,0.579
凉拌菠菜---清蒸海鱼---谷稻小庄---芝士烩波士顿龙虾,0.012,0.579
水煮鱼---葱油凉拌藕片---辣炒鱿鱼,0.012,0.579
冰糖红豆薏米粥---美妙绝伦之白莲花---芝士烩波士顿龙虾,0.012,0.579
剁椒鱼头---姜葱炒花蟹---焖猪手,0.012,0.579
姜葱炒花蟹---芹菜炒腰花---辣炒鱿鱼,0.012,0.579
凉拌菠菜---芝士烩波士顿龙虾---芹菜炒腰花---美妙绝伦之白莲花,0.012,0.579
南瓜枸杞小饼干---辣炒鱿鱼---凉拌菠菜,0.012,0.579
姜葱炒花蟹---孜然羊排---凉拌菠菜,0.012,0.579
爆炒猪肝---蒙古烤羊腿---辣炒鱿鱼---自制猪肉脯,0.012,0.786
爆炒猪肝---蒙古烤羊腿---辣炒鱿鱼---剁椒鱼头,0.012,0.786
剁椒鱼头---芹菜炒腰花---香酥两吃大虾---辣炒鱿鱼,0.012,0.786
剁椒鱼头---芹菜炒腰花---豌豆薯仔猪骨汤---辣炒鱿鱼,0.012,0.786
自制猪肉脯---豌豆薯仔猪骨汤---辣炒鱿鱼---芹菜炒腰花,0.012,0.786
凉拌菠菜---焖猪手---自制猪肉脯---芝士烩波士顿龙虾---谷稻小庄,0.012,0.786
凉拌菠菜---爆炒猪肝---芹菜炒腰花---谷稻小庄---焖猪手,0.012,0.786
凉拌菠菜---芝士烩波士顿龙虾---芹菜炒腰花---谷稻小庄,0.012,0.579
凉拌菠菜---水煮鱼---自制猪肉脯---芹菜炒腰花,0.012,0.579
凉拌菠菜---美妙绝伦之白莲花---芹菜炒腰花---芝士烩波士顿龙虾,0.012,0.579
凉拌菠菜---自制猪肉脯---芝士烩波士顿龙虾---美妙绝伦之白莲花,0.012,0.579
水煮鱼---焖猪手---芹菜炒腰花---辣炒鱿鱼,0.012,0.786
水煮鱼---焖猪手---豌豆薯仔猪骨汤---辣炒鱿鱼,0.012,0.786
爆炒猪肝---美妙绝伦之白莲花---自制猪肉脯---焖猪手,0.012,0.786
焖猪手---美妙绝伦之白莲花---谷稻小庄---自制猪肉脯,0.012,0.786
剁椒鱼头---芹菜炒腰花---香酥两吃大虾---焖猪手,0.012,0.786
剁椒鱼头---焖猪手---香酥两吃大虾---芹菜炒腰花,0.012,0.786
剁椒鱼头---芹菜炒腰花---蒙古烤羊腿---焖猪手,0.012,0.786
炝炒大白菜---焖猪手---辣炒鱿鱼---谷稻小庄,0.012,0.786
清蒸海鱼---爆炒猪肝---自制猪肉脯---芹菜炒腰花,0.012,0.786
爆炒猪肝---蒙古烤羊腿---辣炒鱿鱼---芹菜炒腰花,0.012,0.786
爆炒猪肝---谷稻小庄---辣炒鱿鱼---自制猪肉脯,0.012,0.786
焖猪手---爆炒猪肝---蒙古烤羊腿---芹菜炒腰花,0.012,0.846
爆炒猪肝---芹菜炒腰花---蒙古烤羊腿---焖猪手,0.012,0.846
美妙绝伦之白莲花---芝士烩波士顿龙虾---芹菜炒腰花---自制猪肉脯,0.012,0.846
爆炒猪肝---芝士烩波士顿龙虾---芹菜炒腰花---谷稻小庄,0.012,0.846
凉拌菠菜---焖猪手---爆炒猪肝---自制猪肉脯---芹菜炒腰花---剁椒鱼头,0.012,0.579
凉拌菠菜---焖猪手---爆炒猪肝---自制猪肉脯---芹菜炒腰花---谷稻小庄,0.012,0.579
凉拌菠菜---芹菜炒腰花---蒙古烤羊腿---辣炒鱿鱼---剁椒鱼头,0.012,0.579
凉拌菠菜---焖猪手---芹菜炒腰花---谷稻小庄---爆炒猪肝,0.012,0.579
凉拌菠菜---焖猪手---谷稻小庄---辣炒鱿鱼---蒙古烤羊腿,0.012,0.579
焖猪手---爆炒猪肝---香酥两吃大虾---自制猪肉脯,0.012,0.579
凉拌菠菜---孜然羊排---美妙绝伦之白莲花---蒙古烤羊腿,0.012,0.579
凉拌菠菜---孜然羊排---谷稻小庄---蒙古烤羊腿,0.012,0.579
凉拌菠菜---美妙绝伦之白莲花---芹菜炒腰花---辣炒鱿鱼,0.012,0.579
凉拌菠菜---剁椒鱼头---爆炒猪肝---辣炒鱿鱼---自制猪肉脯,0.012,0.786
凉拌菠菜---剁椒鱼头---蒙古烤羊腿---豌豆薯仔猪骨汤---焖猪手,0.012,0.786
焖猪手---芹菜炒腰花---豌豆薯仔猪骨汤---辣炒鱿鱼---剁椒鱼头,0.012,0.786
凉拌菠菜---芹菜炒腰花---豌豆薯仔猪骨汤---辣炒鱿鱼---剁椒鱼头,0.012,0.786
五色糯米饭(七色)---皮蛋瘦肉粥---辣炒鱿鱼,0.012,0.611
意文柠檬汁---谷稻小庄---五色糯米饭(七色),0.012,0.611
大蒜苋菜---芹菜炒腰花---焖猪手,0.012,0.611
五色糯米饭(七色)---皮蛋瘦肉粥---水煮鱼,0.012,0.611
水煮鱼---鱼香肉丝拌面---谷稻小庄,0.012,0.611
谷稻小庄---鱼香肉丝拌面---水煮鱼,0.012,0.611
水煮鱼---鱼香肉丝拌面---辣炒鱿鱼,0.012,0.611
葱油凉拌藕片---辣炒鱿鱼---水煮鱼,0.012,0.611
意文柠檬汁---清爽拌凉面---水煮鱼,0.012,0.611
大蒜苋菜---芹菜炒腰花---凉拌菠菜,0.012,0.611
剁椒鱼头---大蒜苋菜---凉拌菠菜,0.012,0.611
葱油凉拌藕片---辣炒鱿鱼---凉拌菠菜,0.012,0.611
姜葱炒花蟹---爆炒猪肝---凉拌菠菜,0.012,0.611
凉拌菠菜---剁椒鱼头---焖猪手---爆炒猪肝---自制猪肉脯---芹菜炒腰花,0.012,0.917
凉拌菠菜---剁椒鱼头---爆炒猪肝---自制猪肉脯---芹菜炒腰花---焖猪手,0.012,0.917
凉拌菠菜---爆炒猪肝---自制猪肉脯---芹菜炒腰花---谷稻小庄---焖猪手,0.012,0.917
爆炒猪肝---芹菜炒腰花---谷稻小庄---辣炒鱿鱼---自制猪肉脯,0.012,0.917
爆炒猪肝---芹菜炒腰花---蒙古烤羊腿---凉拌菠菜,0.012,0.846
凉拌菠菜---炝炒大白菜---自制猪肉脯---焖猪手,0.012,0.846
焖猪手---爆炒猪肝---美妙绝伦之白莲花---凉拌菠菜,0.012,0.846
美妙绝伦之白莲花---芝士烩波士顿龙虾---芹菜炒腰花---凉拌菠菜,0.012,0.846
芹菜炒腰花---辣炒鱿鱼---麻辣小龙虾---自制猪肉脯,0.012,0.846
芹菜炒腰花---辣炒鱿鱼---麻辣小龙虾---凉拌菠菜,0.012,0.846
白胡椒胡萝卜羊肉汤---辣炒鱿鱼---麻辣小龙虾---凉拌菠菜,0.012,0.846
孜然羊排---桂圆枸杞鸽子汤---凉拌菠菜,0.012,0.846
红酒炖羊肉---辣炒鱿鱼---凉拌菠菜,0.012,0.846
皮蛋瘦肉粥---辣炒鱿鱼---五色糯米饭(七色),0.012,0.611
凉拌菠菜---蛋挞---麻辣小龙虾---辣炒鱿鱼,0.012,0.611
凉拌菠菜---剁椒鱼头---芹菜炒腰花---豌豆薯仔猪骨汤---辣炒鱿鱼,0.012,0.786
凉拌菠菜---白胡椒胡萝卜羊肉汤---辣炒鱿鱼---麻辣小龙虾,0.012,0.611
凉拌菠菜---剁椒鱼头---美妙绝伦之白莲花---辣炒鱿鱼,0.012,0.524
剁椒鱼头---焖猪手---爆炒猪肝---自制猪肉脯---芹菜炒腰花---凉拌菠菜,0.012,0.786
凉拌菠菜---孜然羊排---豌豆薯仔猪骨汤---蒙古烤羊腿,0.012,0.846
凉拌菠菜---焖猪手---自制猪肉脯---芹菜炒腰花---谷稻小庄---爆炒猪肝,0.012,0.611
爆炒猪肝---自制猪肉脯---芹菜炒腰花---谷稻小庄---辣炒鱿鱼,0.012,0.611
剁椒鱼头---焖猪手---芹菜炒腰花---辣炒鱿鱼---豌豆薯仔猪骨汤,0.012,0.611
剁椒鱼头---焖猪手---芹菜炒腰花---辣炒鱿鱼---蒙古烤羊腿,0.012,0.611
爆炒猪肝---自制猪肉脯---芹菜炒腰花---谷稻小庄---芝士烩波士顿龙虾,0.012,0.611
凉拌菠菜---剁椒鱼头---自制猪肉脯---辣炒鱿鱼---爆炒猪肝,0.012,0.611
剁椒鱼头---辣炒鱿鱼---香酥两吃大虾---芹菜炒腰花,0.012,0.611
爆炒猪肝---自制猪肉脯---谷稻小庄---辣炒鱿鱼,0.012,0.611
焖猪手---芹菜炒腰花---蒙古烤羊腿---剁椒鱼头,0.012,0.611
焖猪手---芹菜炒腰花---蒙古烤羊腿---爆炒猪肝,0.012,0.611
美妙绝伦之白莲花---自制猪肉脯---芝士烩波士顿龙虾---芹菜炒腰花,0.012,0.611
美妙绝伦之白莲花---自制猪肉脯---芹菜炒腰花---芝士烩波士顿龙虾,0.012,0.611
美妙绝伦之白莲花---自制猪肉脯---芝士烩波士顿龙虾---谷稻小庄,0.012,0.611
爆炒猪肝---自制猪肉脯---谷稻小庄---芝士烩波士顿龙虾,0.012,0.611
凉拌菠菜---孜然羊排---自制猪肉脯---蒙古烤羊腿,0.012,0.611
凉拌菠菜---美妙绝伦之白莲花---蒙古烤羊腿---孜然羊排,0.012,0.611
孜然羊排---美妙绝伦之白莲花---蒙古烤羊腿---凉拌菠菜,0.012,0.611
凉拌菠菜---美妙绝伦之白莲花---蒙古烤羊腿---剁椒鱼头,0.012,0.611
凉拌菠菜---爆炒猪肝---蒙古烤羊腿---芹菜炒腰花,0.012,0.611
美妙绝伦之白莲花---自制猪肉脯---芝士烩波士顿龙虾---凉拌菠菜,0.012,0.611
自制猪肉脯---辣炒鱿鱼---麻辣小龙虾---芹菜炒腰花,0.012,0.611
水煮鱼---辣炒鱿鱼---麻辣小龙虾---蒙古烤羊腿,0.012,0.611
爆炒猪肝---自制猪肉脯---芝士烩波士顿龙虾---谷稻小庄,0.012,0.786
剁椒鱼头---自制猪肉脯---香酥两吃大虾---凉拌菠菜,0.012,0.786
美妙绝伦之白莲花---自制猪肉脯---辣炒鱿鱼---凉拌菠菜,0.012,0.786
自制猪肉脯---芹菜炒腰花---豌豆薯仔猪骨汤---辣炒鱿鱼,0.012,0.55
白胡椒胡萝卜羊肉汤---芹菜炒腰花---辣炒鱿鱼---自制猪肉脯,0.012,1.0
白胡椒胡萝卜羊肉汤---自制猪肉脯---辣炒鱿鱼---芹菜炒腰花,0.012,1.0
凉拌菠菜---剁椒鱼头---辣炒鱿鱼---麻辣小龙虾---蒙古烤羊腿,0.012,1.0
剁椒鱼头---芹菜炒腰花---豌豆薯仔猪骨汤---辣炒鱿鱼---凉拌菠菜,0.012,1.0
凉拌菠菜---美妙绝伦之白莲花---芹菜炒腰花---辣炒鱿鱼---自制猪肉脯,0.012,1.0
凉拌菠菜---美妙绝伦之白莲花---自制猪肉脯---辣炒鱿鱼---芹菜炒腰花,0.012,1.0
爆炒猪肝---芝士烩波士顿龙虾---芹菜炒腰花---谷稻小庄---自制猪肉脯,0.012,1.0
爆炒猪肝---自制猪肉脯---芝士烩波士顿龙虾---谷稻小庄---芹菜炒腰花,0.012,1.0
自制猪肉脯---芹菜炒腰花---谷稻小庄---辣炒鱿鱼---爆炒猪肝,0.012,0.55
剁椒鱼头---焖猪手---自制猪肉脯---芹菜炒腰花---谷稻小庄,0.012,0.55
凉拌菠菜---焖猪手---爆炒猪肝---自制猪肉脯---谷稻小庄,0.012,0.55
凉拌菠菜---焖猪手---豌豆薯仔猪骨汤---辣炒鱿鱼---自制猪肉脯,0.012,0.55
剁椒鱼头---芹菜炒腰花---辣炒鱿鱼---豌豆薯仔猪骨汤,0.012,0.55
剁椒鱼头---美妙绝伦之白莲花---自制猪肉脯---凉拌菠菜,0.012,1.0
剁椒鱼头---芹菜炒腰花---辣炒鱿鱼---香酥两吃大虾,0.012,0.55
炝炒大白菜---谷稻小庄---辣炒鱿鱼---焖猪手,0.012,0.55
剁椒鱼头---焖猪手---蒙古烤羊腿---自制猪肉脯,0.012,0.55
焖猪手---自制猪肉脯---蒙古烤羊腿---剁椒鱼头,0.012,0.55
剁椒鱼头---焖猪手---蒙古烤羊腿---芹菜炒腰花,0.012,0.55
焖猪手---自制猪肉脯---蒙古烤羊腿---谷稻小庄,0.012,0.55
焖猪手---美妙绝伦之白莲花---自制猪肉脯---谷稻小庄,0.012,0.55
焖猪手---美妙绝伦之白莲花---自制猪肉脯---爆炒猪肝,0.012,0.55
自制猪肉脯---芝士烩波士顿龙虾---芹菜炒腰花---美妙绝伦之白莲花,0.012,0.55
爆炒猪肝---芹菜炒腰花---谷稻小庄---芝士烩波士顿龙虾,0.012,0.55
凉拌菠菜---美妙绝伦之白莲花---自制猪肉脯---剁椒鱼头,0.012,0.55
凉拌菠菜---剁椒鱼头---香酥两吃大虾---自制猪肉脯,0.012,0.55
芹菜炒腰花---豌豆薯仔猪骨汤---香酥两吃大虾---焖猪手,0.012,1.0
剁椒鱼头---美妙绝伦之白莲花---蒙古烤羊腿---凉拌菠菜,0.012,1.0
凉拌菠菜---美妙绝伦之白莲花---辣炒鱿鱼---自制猪肉脯,0.012,0.55
剁椒鱼头---爆炒猪肝---自制猪肉脯---辣炒鱿鱼---凉拌菠菜,0.012,0.846
水煮鱼---蒙古烤羊腿---辣炒鱿鱼---麻辣小龙虾,0.012,0.524
凉拌蒜蓉西兰花---清爽拌凉面---五色糯米饭(七色),0.012,0.524
山药养生粥---谷稻小庄---自制猪肉脯,0.012,0.524
白斩鸡---谷稻小庄---五色糯米饭(七色),0.012,0.524
意文柠檬汁---香酥两吃大虾---自制猪肉脯,0.012,0.524
意文柠檬汁---香酥两吃大虾---五色糯米饭(七色),0.012,0.524
水煮鱼---独家薄荷鲜虾牛肉卷---辣炒鱿鱼,0.012,0.524
独家薄荷鲜虾牛肉卷---辣炒鱿鱼---水煮鱼,0.012,0.524
大蒜苋菜---芝士烩波士顿龙虾---焖猪手,0.012,0.524
爆炒双丝---芝士烩波士顿龙虾---五色糯米饭(七色),0.012,0.524
芝麻烤紫菜---西瓜胡萝卜沙拉---谷稻小庄,0.012,0.524
拌土豆丝---西瓜胡萝卜沙拉---五色糯米饭(七色),0.012,0.524
凉拌菠菜---剁椒鱼头---芹菜炒腰花---蒙古烤羊腿---辣炒鱿鱼,0.012,0.846
剁椒鱼头---美妙绝伦之白莲花---辣炒鱿鱼---凉拌菠菜,0.012,1.0
爆炒猪肝---美妙绝伦之白莲花---自制猪肉脯---芹菜炒腰花---凉拌菠菜,0.012,0.846
自制猪肉脯---芝士烩波士顿龙虾---芹菜炒腰花---谷稻小庄---爆炒猪肝,0.012,0.846
爆炒猪肝---自制猪肉脯---芝士烩波士顿龙虾---芹菜炒腰花---谷稻小庄,0.012,0.846
剁椒鱼头---焖猪手---豌豆薯仔猪骨汤---辣炒鱿鱼---芹菜炒腰花,0.012,0.846
剁椒鱼头---焖猪手---芹菜炒腰花---豌豆薯仔猪骨汤---辣炒鱿鱼,0.012,0.846
凉拌菠菜---焖猪手---芹菜炒腰花---豌豆薯仔猪骨汤---辣炒鱿鱼---剁椒鱼头,0.012,0.846
凉拌菠菜---剁椒鱼头---焖猪手---豌豆薯仔猪骨汤---辣炒鱿鱼---芹菜炒腰花,0.012,0.846
凉拌菠菜---剁椒鱼头---焖猪手---芹菜炒腰花---豌豆薯仔猪骨汤---辣炒鱿鱼,0.012,0.846
凉拌菠菜---剁椒鱼头---焖猪手---爆炒猪肝---芹菜炒腰花---自制猪肉脯,0.012,0.846
姜葱炒花蟹---芹菜炒腰花---辣炒鱿鱼---凉拌菠菜,0.012,1.0
凉拌菠菜---蒜香辣花甲---豌豆薯仔猪骨汤---焖猪手,0.012,1.0
焖猪手---美妙绝伦之白莲花---豌豆薯仔猪骨汤---凉拌菠菜,0.012,1.0
凉拌菠菜---美妙绝伦之白莲花---自制猪肉脯---辣炒鱿鱼,0.012,0.55
凉拌菠菜---美妙绝伦之白莲花---辣炒鱿鱼---芹菜炒腰花,0.012,0.55
美妙绝伦之白莲花---芹菜炒腰花---辣炒鱿鱼---凉拌菠菜,0.012,0.786
爆炒猪肝---芹菜炒腰花---蒙古烤羊腿---辣炒鱿鱼,0.012,0.846
凉拌菠菜---剁椒鱼头---美妙绝伦之白莲花---自制猪肉脯,0.012,0.524
自制猪肉脯---芝士烩波士顿龙虾---谷稻小庄---爆炒猪肝,0.012,0.524
自制猪肉脯---芝士烩波士顿龙虾---谷稻小庄---美妙绝伦之白莲花,0.012,0.524
剁椒鱼头---焖猪手---自制猪肉脯---谷稻小庄,0.012,0.524
剁椒鱼头---焖猪手---自制猪肉脯---蒙古烤羊腿,0.012,0.524
焖猪手---自制猪肉脯---豌豆薯仔猪骨汤---辣炒鱿鱼---凉拌菠菜,0.012,0.846
水煮鱼---焖猪手---蒙古烤羊腿---辣炒鱿鱼---凉拌菠菜,0.012,0.846
凉拌菠菜---焖猪手---芝士烩波士顿龙虾---谷稻小庄---自制猪肉脯,0.012,0.846
凉拌菠菜---剁椒鱼头---蒙古烤羊腿---麻辣小龙虾---辣炒鱿鱼,0.012,0.846
孜然羊排---芹菜炒腰花---辣炒鱿鱼---自制猪肉脯,0.012,0.846
剁椒鱼头---爆炒猪肝---蒙古烤羊腿---辣炒鱿鱼,0.012,0.846
爆炒猪肝---自制猪肉脯---蒙古烤羊腿---辣炒鱿鱼,0.012,0.846
清蒸海鱼---自制猪肉脯---芹菜炒腰花---谷稻小庄,0.012,0.846
剁椒鱼头---焖猪手---芹菜炒腰花---豌豆薯仔猪骨汤---辣炒鱿鱼---凉拌菠菜,0.012,1.0
清蒸海鱼---爆炒猪肝---芹菜炒腰花---自制猪肉脯,0.012,0.846
清蒸海鱼---自制猪肉脯---芹菜炒腰花---爆炒猪肝,0.012,0.846
剁椒鱼头---芹菜炒腰花---谷稻小庄---焖猪手,0.012,0.846
自制猪肉脯---蒙古烤羊腿---谷稻小庄---焖猪手,0.012,0.846
焖猪手---爆炒猪肝---美妙绝伦之白莲花---自制猪肉脯,0.012,0.846
蒜香辣花甲---豌豆薯仔猪骨汤---凉拌菠菜,0.012,0.786
辣炒鱿鱼---鱼香肉丝拌面---水煮鱼,0.012,0.786
水煮鱼---蒙古烤羊腿---麻辣小龙虾---凉拌菠菜,0.012,0.786
水煮鱼---蒙古烤羊腿---麻辣小龙虾---辣炒鱿鱼,0.012,0.786
自制猪肉脯---芹菜炒腰花---麻辣小龙虾---辣炒鱿鱼,0.012,0.786
凉拌菠菜---姜葱炒花蟹---芹菜炒腰花---辣炒鱿鱼,0.012,0.786
水煮鱼---自制猪肉脯---芹菜炒腰花---凉拌菠菜,0.012,0.786
凉拌菠菜---剁椒鱼头---芹菜炒腰花---豌豆薯仔猪骨汤---辣炒鱿鱼---焖猪手,0.012,1.0
凉拌菠菜---焖猪手---爆炒猪肝---自制猪肉脯---谷稻小庄---芹菜炒腰花,0.012,1.0
凉拌菠菜---蒙古烤羊腿---香酥两吃大虾---辣炒鱿鱼,0.012,0.55
水煮鱼---皮蛋瘦肉粥---五色糯米饭(七色),0.012,0.55
凉拌菠菜---美妙绝伦之白莲花---辣炒鱿鱼---剁椒鱼头,0.012,0.55
凉拌菠菜---美妙绝伦之白莲花---自制猪肉脯---芝士烩波士顿龙虾,0.012,0.55
凉拌菠菜---美妙绝伦之白莲花---芝士烩波士顿龙虾---自制猪肉脯,0.012,0.55
凉拌菠菜---美妙绝伦之白莲花---芝士烩波士顿龙虾---芹菜炒腰花,0.012,0.55
孜然羊排---芹菜炒腰花---蒙古烤羊腿,0.012,0.55
炝炒大白菜---芹菜炒腰花---谷稻小庄,0.012,0.55
孜然羊排---芹菜炒腰花---谷稻小庄,0.012,0.55
五色糯米饭(七色)---培根紫菜卷---谷稻小庄,0.012,0.55
照烧鸡腿---谷稻小庄---辣炒鱿鱼,0.012,0.55
清蒸海鱼---美妙绝伦之白莲花---谷稻小庄,0.012,0.55
清蒸海鱼---美妙绝伦之白莲花---爆炒猪肝,0.012,0.55
培根紫菜卷---水煮鱼---辣炒鱿鱼,0.012,0.55
凉拌菠菜---剁椒鱼头---美妙绝伦之白莲花---蒙古烤羊腿,0.012,0.524
凉拌菠菜---焖猪手---爆炒猪肝---芹菜炒腰花---谷稻小庄---自制猪肉脯,0.012,1.0
白胡椒胡萝卜羊肉汤---香酥两吃大虾---凉拌菠菜,0.012,0.55
凉拌蒜蓉西兰花---剁椒鱼头---凉拌菠菜,0.012,0.55
小米南瓜粥---辣炒鱿鱼---凉拌菠菜,0.012,0.55
芝麻烤紫菜---蛋挞---凉拌菠菜,0.012,0.55
焖猪手---香烤牛排---凉拌菠菜,0.012,0.55
焖猪手---香烤牛排---麻辣小龙虾,0.012,0.55
红酒炖羊肉---麻辣小龙虾---凉拌菠菜,0.012,0.55
剁椒鱼头---焖猪手---芹菜炒腰花---蒙古烤羊腿---辣炒鱿鱼,0.012,1.0
剁椒鱼头---芹菜炒腰花---豌豆薯仔猪骨汤---辣炒鱿鱼---焖猪手,0.012,1.0
剁椒鱼头---焖猪手---芹菜炒腰花---谷稻小庄---自制猪肉脯,0.012,1.0
剁椒鱼头---焖猪手---自制猪肉脯---谷稻小庄---芹菜炒腰花,0.012,1.0
爆炒猪肝---自制猪肉脯---谷稻小庄---辣炒鱿鱼---芹菜炒腰花,0.012,1.0
凉拌蒜蓉西兰花---蒙古烤羊腿---凉拌菠菜,0.012,0.55
爆炒猪肝---芝士烩波士顿龙虾---谷稻小庄---自制猪肉脯,0.012,0.688
剁椒鱼头---自制猪肉脯---芹菜炒腰花---谷稻小庄---焖猪手,0.012,0.917
美妙绝伦之白莲花---芝士烩波士顿龙虾---谷稻小庄---自制猪肉脯,0.012,0.647
剁椒鱼头---爆炒猪肝---辣炒鱿鱼---蒙古烤羊腿,0.012,0.647
清蒸海鱼---自制猪肉脯---谷稻小庄---芹菜炒腰花,0.012,0.647
炝炒大白菜---焖猪手---谷稻小庄---辣炒鱿鱼,0.012,0.647
剁椒鱼头---焖猪手---谷稻小庄---自制猪肉脯,0.012,0.647
剁椒鱼头---焖猪手---谷稻小庄---芹菜炒腰花,0.012,0.647
焖猪手---蒙古烤羊腿---谷稻小庄---自制猪肉脯,0.012,0.647
美妙绝伦之白莲花---自制猪肉脯---谷稻小庄---焖猪手,0.012,0.647
美妙绝伦之白莲花---自制猪肉脯---谷稻小庄---芝士烩波士顿龙虾,0.012,0.647
剁椒鱼头---谷稻小庄---辣炒鱿鱼---凉拌菠菜,0.012,0.647
姜葱炒花蟹---豌豆薯仔猪骨汤---凉拌菠菜,0.012,0.917
炝炒大白菜---焖猪手---自制猪肉脯---凉拌菠菜,0.012,0.647
凉拌菠菜---炝炒大白菜---谷稻小庄---焖猪手,0.012,0.647
炝炒大白菜---焖猪手---谷稻小庄---凉拌菠菜,0.012,0.647
凉拌菠菜---爆炒猪肝---芝士烩波士顿龙虾---焖猪手,0.012,0.647
凉拌菠菜---剁椒鱼头---麻辣小龙虾---辣炒鱿鱼,0.012,0.647
孜然羊排---清爽拌凉面---五色糯米饭(七色),0.012,0.647
冰糖红豆薏米粥---芹菜炒腰花---谷稻小庄,0.012,0.647
自制猪肉脯---香烤牛排---辣炒鱿鱼,0.012,0.647
凉拌菠菜---水煮鱼---蒙古烤羊腿---辣炒鱿鱼---焖猪手,0.012,0.647
凉拌菠菜---焖猪手---自制猪肉脯---豌豆薯仔猪骨汤---辣炒鱿鱼,0.012,0.647
凉拌菠菜---焖猪手---蒙古烤羊腿---豌豆薯仔猪骨汤---剁椒鱼头,0.012,0.647
凉拌菠菜---爆炒猪肝---自制猪肉脯---辣炒鱿鱼---剁椒鱼头,0.012,0.647
剁椒鱼头---姜葱炒花蟹---辣炒鱿鱼---凉拌菠菜,0.012,0.917
凉拌菠菜---剁椒鱼头---姜葱炒花蟹---辣炒鱿鱼,0.012,0.917
水煮鱼---蒙古烤羊腿---豌豆薯仔猪骨汤---凉拌菠菜,0.012,0.917
焖猪手---蒜香辣花甲---豌豆薯仔猪骨汤---凉拌菠菜,0.012,0.917
蒙古烤羊腿---辣炒鱿鱼---香酥两吃大虾---凉拌菠菜,0.012,0.917
孜然羊排---蒙古烤羊腿---豌豆薯仔猪骨汤---凉拌菠菜,0.012,0.917
孜然羊排---自制猪肉脯---蒙古烤羊腿---凉拌菠菜,0.012,0.917
剁椒鱼头---芹菜炒腰花---蒙古烤羊腿---辣炒鱿鱼---凉拌菠菜,0.012,0.917
剁椒鱼头---焖猪手---蒙古烤羊腿---豌豆薯仔猪骨汤---凉拌菠菜,0.012,0.917
凉拌菠菜---爆炒猪肝---自制猪肉脯---谷稻小庄---焖猪手,0.012,0.917
凉拌菠菜---焖猪手---爆炒猪肝---谷稻小庄---芹菜炒腰花,0.012,0.917
凉拌菠菜---自制猪肉脯---豌豆薯仔猪骨汤---辣炒鱿鱼---焖猪手,0.012,0.917
爆炒猪肝---自制猪肉脯---芹菜炒腰花---辣炒鱿鱼---谷稻小庄,0.012,0.647
剁椒鱼头---焖猪手---蒙古烤羊腿---辣炒鱿鱼---芹菜炒腰花,0.012,0.647
焖猪手---芹菜炒腰花---蒙古烤羊腿---辣炒鱿鱼---剁椒鱼头,0.012,0.647
凉拌菠菜---剁椒鱼头---芹菜炒腰花---辣炒鱿鱼---豌豆薯仔猪骨汤,0.012,0.647
凉拌菠菜---剁椒鱼头---芹菜炒腰花---辣炒鱿鱼---蒙古烤羊腿,0.012,0.647
蒙古烤羊腿---蒜香辣花甲---辣炒鱿鱼,0.012,0.647
白胡椒胡萝卜羊肉汤---自制猪肉脯---辣炒鱿鱼,0.012,0.647
炝炒大白菜---豌豆薯仔猪骨汤---焖猪手,0.012,0.647
芝士烩波士顿龙虾---芹菜炒腰花---谷稻小庄---爆炒猪肝,0.012,0.733
五色糯米饭(七色)---凉拌菠菜---焖猪手---芝士烩波士顿龙虾,0.012,0.733
凉拌菠菜---美妙绝伦之白莲花---豌豆薯仔猪骨汤---焖猪手,0.012,0.733
凉拌菠菜---焖猪手---蒜香辣花甲---豌豆薯仔猪骨汤,0.012,0.733
凉拌菠菜---水煮鱼---芹菜炒腰花---自制猪肉脯,0.012,0.733
凉拌菠菜---水煮鱼---豌豆薯仔猪骨汤---蒙古烤羊腿,0.012,0.733
凉拌菠菜---水煮鱼---芹菜炒腰花---辣炒鱿鱼,0.012,0.733
芝士烩波士顿龙虾---芹菜炒腰花---谷稻小庄---凉拌菠菜,0.012,0.733
剁椒鱼头---辣炒鱿鱼---麻辣小龙虾---凉拌菠菜,0.012,0.733
白胡椒胡萝卜羊肉汤---芹菜炒腰花---辣炒鱿鱼,0.012,0.733
白胡椒胡萝卜羊肉汤---芹菜炒腰花---焖猪手,0.012,0.733
剁椒鱼头---蒙古烤羊腿---辣炒鱿鱼---麻辣小龙虾---凉拌菠菜,0.012,0.917
凉拌菠菜---水煮鱼---焖猪手---蒙古烤羊腿---辣炒鱿鱼,0.012,0.917
凉拌菠菜---焖猪手---蒙古烤羊腿---谷稻小庄---辣炒鱿鱼,0.012,0.917
凉拌菠菜---葱油凉拌藕片---辣炒鱿鱼,0.012,0.647
蒙古烤羊腿---蒜香辣花甲---凉拌菠菜,0.012,0.647
冰糖红豆薏米粥---芹菜炒腰花---凉拌菠菜,0.012,0.647
炝炒大白菜---豌豆薯仔猪骨汤---凉拌菠菜,0.012,0.647
清蒸海鱼---自制猪肉脯---芝士烩波士顿龙虾---焖猪手,0.012,0.733
焖猪手---辣炒鱿鱼---香酥两吃大虾---芹菜炒腰花,0.012,0.733
白胡椒胡萝卜羊肉汤---自制猪肉脯---焖猪手,0.012,0.647
剁椒鱼头---自制猪肉脯---谷稻小庄---焖猪手,0.012,0.733
蒙古烤羊腿---蒜香辣花甲---焖猪手,0.012,0.647
清蒸海鱼---焖猪手---谷稻小庄---芝士烩波士顿龙虾,0.012,0.917
清蒸海鱼---焖猪手---自制猪肉脯---芝士烩波士顿龙虾,0.012,0.917
水煮鱼---豌豆薯仔猪骨汤---辣炒鱿鱼---焖猪手,0.012,0.917
爆炒猪肝---自制猪肉脯---香酥两吃大虾---焖猪手,0.012,0.917
清蒸海鱼---芹菜炒腰花---谷稻小庄---自制猪肉脯,0.012,0.917
白胡椒胡萝卜羊肉汤---自制猪肉脯---芹菜炒腰花---辣炒鱿鱼,0.012,0.917
凉拌菠菜---剁椒鱼头---焖猪手---芹菜炒腰花---辣炒鱿鱼---豌豆薯仔猪骨汤,0.012,0.733
凉拌菠菜---剁椒鱼头---豌豆薯仔猪骨汤---辣炒鱿鱼---芹菜炒腰花,0.012,0.733
焖猪手---蒙古烤羊腿---谷稻小庄---辣炒鱿鱼---凉拌菠菜,0.012,0.733
凉拌菠菜---水煮鱼---焖猪手---辣炒鱿鱼---蒙古烤羊腿,0.012,0.733
凉拌菠菜---自制猪肉脯---芝士烩波士顿龙虾---谷稻小庄---焖猪手,0.012,0.733
芹菜炒腰花---豌豆薯仔猪骨汤---辣炒鱿鱼---自制猪肉脯,0.012,0.733
孜然羊排---自制猪肉脯---芹菜炒腰花---辣炒鱿鱼,0.012,0.733
剁椒鱼头---豌豆薯仔猪骨汤---辣炒鱿鱼---芹菜炒腰花,0.012,0.733
芹菜炒腰花---豌豆薯仔猪骨汤---辣炒鱿鱼---剁椒鱼头,0.012,0.733
剁椒鱼头---自制猪肉脯---蒙古烤羊腿---焖猪手,0.012,0.733
蛋挞---辣炒鱿鱼---麻辣小龙虾---凉拌菠菜,0.012,0.917
凉拌菠菜---焖猪手---爆炒猪肝---谷稻小庄---自制猪肉脯,0.012,0.917
凉拌菠菜---爆炒猪肝---美妙绝伦之白莲花---焖猪手,0.012,0.688
剁椒鱼头---芹菜炒腰花---蒙古烤羊腿---辣炒鱿鱼---焖猪手,0.012,0.917
芹菜炒腰花---辣炒鱿鱼---香酥两吃大虾---焖猪手,0.012,0.688
焖猪手---豌豆薯仔猪骨汤---香酥两吃大虾---芹菜炒腰花,0.012,0.688
芹菜炒腰花---辣炒鱿鱼---香酥两吃大虾---剁椒鱼头,0.012,0.688
孜然羊排---自制猪肉脯---辣炒鱿鱼---芹菜炒腰花,0.012,0.688
焖猪手---自制猪肉脯---芝士烩波士顿龙虾---谷稻小庄---凉拌菠菜,0.012,0.688
凉拌菠菜---蒙古烤羊腿---谷稻小庄---辣炒鱿鱼---焖猪手,0.012,0.688
焖猪手---爆炒猪肝---芹菜炒腰花---谷稻小庄---凉拌菠菜,0.012,0.688
焖猪手---爆炒猪肝---自制猪肉脯---谷稻小庄---凉拌菠菜,0.012,0.688
凉拌菠菜---剁椒鱼头---焖猪手---豌豆薯仔猪骨汤---蒙古烤羊腿,0.012,0.688
凉拌菠菜---剁椒鱼头---焖猪手---蒙古烤羊腿---豌豆薯仔猪骨汤,0.012,0.688
凉拌菠菜---剁椒鱼头---爆炒猪肝---自制猪肉脯---辣炒鱿鱼,0.012,0.688
凉拌菠菜---美妙绝伦之白莲花---自制猪肉脯---芹菜炒腰花---辣炒鱿鱼,0.012,0.688
凉拌菠菜---美妙绝伦之白莲花---自制猪肉脯---芹菜炒腰花---爆炒猪肝,0.012,0.688
焖猪手---爆炒猪肝---自制猪肉脯---芹菜炒腰花---谷稻小庄---凉拌菠菜,0.012,0.688
凉拌菠菜---剁椒鱼头---焖猪手---自制猪肉脯---芹菜炒腰花---爆炒猪肝,0.012,0.688
水煮鱼---芹菜炒腰花---辣炒鱿鱼---焖猪手,0.012,0.688
爆炒猪肝---芝士烩波士顿龙虾---谷稻小庄---芹菜炒腰花,0.012,0.688
清蒸海鱼---焖猪手---芝士烩波士顿龙虾---自制猪肉脯,0.012,0.688
凉拌菠菜---清蒸海鱼---芝士烩波士顿龙虾---谷稻小庄,0.012,0.688
冰糖红豆薏米粥---剁椒鱼头---凉拌菠菜,0.012,0.688
美妙绝伦之白莲花---香辣爆羊肝---凉拌菠菜,0.012,0.688
凉拌蒜蓉西兰花---大蒜苋菜---美妙绝伦之白莲花,0.012,0.688
凉拌菠菜---白胡椒胡萝卜羊肉汤---麻辣小龙虾---辣炒鱿鱼,0.012,0.688
凉拌菠菜---芹菜炒腰花---麻辣小龙虾---辣炒鱿鱼,0.012,0.688
清蒸海鱼---芝士烩波士顿龙虾---谷稻小庄---凉拌菠菜,0.012,0.688
水煮鱼---芹菜炒腰花---辣炒鱿鱼---凉拌菠菜,0.012,0.688
清蒸海鱼---焖猪手---芝士烩波士顿龙虾---谷稻小庄,0.012,0.688
凉拌菠菜---炝炒大白菜---焖猪手---谷稻小庄,0.012,0.688
凉拌菠菜---炝炒大白菜---焖猪手---自制猪肉脯,0.012,0.688
剁椒鱼头---蒙古烤羊腿---谷稻小庄---凉拌菠菜,0.012,0.688
孜然羊排---蒙古烤羊腿---谷稻小庄---凉拌菠菜,0.012,0.688
五色糯米饭(七色)---焖猪手---芝士烩波士顿龙虾---凉拌菠菜,0.012,0.688
清蒸海鱼---芝士烩波士顿龙虾---谷稻小庄---焖猪手,0.012,0.688
美妙绝伦之白莲花---自制猪肉脯---芹菜炒腰花---辣炒鱿鱼---凉拌菠菜,0.012,0.917
凉拌菠菜---爆炒猪肝---美妙绝伦之白莲花---芹菜炒腰花---自制猪肉脯,0.012,0.917
凉拌菠菜---爆炒猪肝---美妙绝伦之白莲花---自制猪肉脯---芹菜炒腰花,0.012,0.917
剁椒鱼头---焖猪手---芝士烩波士顿龙虾---芹菜炒腰花,0.011,0.667
凉拌菠菜---爆炒猪肝---芹菜炒腰花---豌豆薯仔猪骨汤---自制猪肉脯,0.011,0.833
凉拌菠菜---焖猪手---自制猪肉脯---香酥两吃大虾---芹菜炒腰花,0.011,0.833
凉拌菠菜---爆炒猪肝---蒙古烤羊腿---辣炒鱿鱼---剁椒鱼头,0.011,0.833
凉拌菠菜---剁椒鱼头---爆炒猪肝---蒙古烤羊腿---辣炒鱿鱼,0.011,0.833
剁椒鱼头---爆炒猪肝---芹菜炒腰花---辣炒鱿鱼---凉拌菠菜,0.011,0.833
清蒸海鱼---爆炒猪肝---谷稻小庄---凉拌菠菜,0.011,0.667
凉拌菠菜---白胡椒胡萝卜羊肉汤---蒙古烤羊腿---辣炒鱿鱼,0.011,0.667
五色糯米饭(七色)---皮蛋瘦肉粥---番茄炖牛腩,0.011,0.556
凉拌菠菜---孜然羊排---爆炒猪肝---辣炒鱿鱼,0.011,0.667
自制猪肉脯---辣炒鱿鱼---香酥两吃大虾---凉拌菠菜,0.011,0.667
姜葱炒花蟹---白胡椒胡萝卜羊肉汤---麻辣小龙虾,0.011,0.556
拌土豆丝---香烤牛排---西瓜胡萝卜沙拉,0.011,0.556
水煮鱼---焖猪手---芹菜炒腰花---自制猪肉脯,0.011,0.714
水煮鱼---自制猪肉脯---芹菜炒腰花---焖猪手,0.011,0.714
凉拌菠菜---自制猪肉脯---豌豆薯仔猪骨汤---辣炒鱿鱼---芹菜炒腰花,0.011,0.833
凉拌菠菜---自制猪肉脯---芹菜炒腰花---香酥两吃大虾---焖猪手,0.011,0.833
凉拌菠菜---剁椒鱼头---焖猪手---香酥两吃大虾---芹菜炒腰花,0.011,0.833
姜葱炒花蟹---白胡椒胡萝卜羊肉汤---凉拌菠菜,0.011,0.556
白胡椒胡萝卜羊肉汤---蛋挞---凉拌菠菜,0.011,0.556
剁椒鱼头---焖猪手---自制猪肉脯---辣炒鱿鱼---爆炒猪肝,0.011,0.667
凉拌菠菜---剁椒鱼头---辣炒鱿鱼---香酥两吃大虾---芹菜炒腰花,0.011,0.667
凉拌菠菜---剁椒鱼头---爆炒猪肝---芹菜炒腰花---辣炒鱿鱼,0.011,0.667
凉拌菠菜---焖猪手---芹菜炒腰花---香酥两吃大虾---自制猪肉脯,0.011,0.667
凉拌菠菜---焖猪手---芹菜炒腰花---香酥两吃大虾---剁椒鱼头,0.011,0.667
凉拌菠菜---剁椒鱼头---焖猪手---爆炒猪肝---辣炒鱿鱼,0.011,0.667
焖猪手---自制猪肉脯---辣炒鱿鱼---麻辣小龙虾---芹菜炒腰花,0.011,0.833
剁椒鱼头---焖猪手---爆炒猪肝---辣炒鱿鱼---凉拌菠菜,0.011,0.833
焖猪手---美妙绝伦之白莲花---芝士烩波士顿龙虾---芹菜炒腰花---凉拌菠菜,0.011,0.833
凉拌菠菜---姜葱炒花蟹---焖猪手---芹菜炒腰花---辣炒鱿鱼,0.011,0.833
凉拌菠菜---姜葱炒花蟹---焖猪手---芹菜炒腰花---蒙古烤羊腿,0.011,0.833
凉拌菠菜---焖猪手---辣炒鱿鱼---香酥两吃大虾---芹菜炒腰花,0.011,0.833
焖猪手---爆炒猪肝---自制猪肉脯---豌豆薯仔猪骨汤---凉拌菠菜,0.011,0.833
凉拌菠菜---爆炒猪肝---美妙绝伦之白莲花---自制猪肉脯---焖猪手,0.011,0.833
爆炒猪肝---自制猪肉脯---芹菜炒腰花---豌豆薯仔猪骨汤---凉拌菠菜,0.011,0.833
凉拌菠菜---剁椒鱼头---美妙绝伦之白莲花---芹菜炒腰花---自制猪肉脯,0.011,0.833
水煮鱼---蒙古烤羊腿---谷稻小庄---辣炒鱿鱼,0.011,0.667
焖猪手---爆炒猪肝---芝士烩波士顿龙虾---芹菜炒腰花---谷稻小庄,0.011,0.833
凉拌菠菜---焖猪手---辣炒鱿鱼---麻辣小龙虾---自制猪肉脯,0.011,0.667
剁椒鱼头---自制猪肉脯---蒙古烤羊腿---芹菜炒腰花,0.011,0.667
孜然羊排---自制猪肉脯---芹菜炒腰花---爆炒猪肝,0.011,0.667
剁椒鱼头---自制猪肉脯---蒙古烤羊腿---爆炒猪肝,0.011,0.667
炝炒大白菜---自制猪肉脯---谷稻小庄---辣炒鱿鱼,0.011,0.667
芹菜炒腰花---豌豆薯仔猪骨汤---辣炒鱿鱼---蒙古烤羊腿,0.011,0.667
自制猪肉脯---辣炒鱿鱼---香酥两吃大虾---剁椒鱼头,0.011,0.667
清蒸海鱼---爆炒猪肝---谷稻小庄---自制猪肉脯,0.011,0.667
清蒸海鱼---爆炒猪肝---谷稻小庄---芹菜炒腰花,0.011,0.667
孜然羊排---自制猪肉脯---芹菜炒腰花---焖猪手,0.011,0.667
清蒸海鱼---自制猪肉脯---芝士烩波士顿龙虾---芹菜炒腰花,0.011,0.667
焖猪手---辣炒鱿鱼---香酥两吃大虾---剁椒鱼头,0.011,0.667
焖猪手---辣炒鱿鱼---香酥两吃大虾---自制猪肉脯,0.011,0.667
自制猪肉脯---辣炒鱿鱼---香酥两吃大虾---焖猪手,0.011,0.667
清蒸海鱼---爆炒猪肝---谷稻小庄---焖猪手,0.011,0.667
凉拌菠菜---自制猪肉脯---芝士烩波士顿龙虾---谷稻小庄---芹菜炒腰花,0.011,0.667
焖猪手---蒙古烤羊腿---谷稻小庄---辣炒鱿鱼---剁椒鱼头,0.011,0.667
清蒸海鱼---爆炒猪肝---芝士烩波士顿龙虾---谷稻小庄,0.011,0.667
焖猪手---芝士烩波士顿龙虾---辣炒鱿鱼---自制猪肉脯,0.011,0.667
焖猪手---美妙绝伦之白莲花---芝士烩波士顿龙虾---芹菜炒腰花---自制猪肉脯,0.011,0.833
凉拌菠菜---孜然羊排---爆炒猪肝---蒙古烤羊腿,0.011,0.667
凉拌菠菜---孜然羊排---爆炒猪肝---自制猪肉脯,0.011,0.667
凉拌菠菜---美妙绝伦之白莲花---豌豆薯仔猪骨汤---剁椒鱼头,0.011,0.667
凉拌菠菜---美妙绝伦之白莲花---豌豆薯仔猪骨汤---芹菜炒腰花,0.011,0.667
焖猪手---芝士烩波士顿龙虾---辣炒鱿鱼---谷稻小庄,0.011,0.667
清蒸海鱼---爆炒猪肝---芝士烩波士顿龙虾---焖猪手,0.011,0.667
凉拌菠菜---剁椒鱼头---蒙古烤羊腿---豌豆薯仔猪骨汤---辣炒鱿鱼---焖猪手,0.011,0.833
清蒸海鱼---爆炒猪肝---谷稻小庄---芝士烩波士顿龙虾,0.011,0.667
焖猪手---爆炒猪肝---自制猪肉脯---芹菜炒腰花---豌豆薯仔猪骨汤---凉拌菠菜,0.011,0.833
凉拌菠菜---焖猪手---芹菜炒腰花---香酥两吃大虾---辣炒鱿鱼,0.011,0.667
凉拌菠菜---姜葱炒花蟹---焖猪手---辣炒鱿鱼---芹菜炒腰花,0.011,0.667
凉拌菠菜---焖猪手---爆炒猪肝---芹菜炒腰花---豌豆薯仔猪骨汤---自制猪肉脯,0.011,0.833
剁椒鱼头---焖猪手---爆炒猪肝---芹菜炒腰花---辣炒鱿鱼---凉拌菠菜,0.011,0.833
剁椒鱼头---焖猪手---爆炒猪肝---自制猪肉脯---辣炒鱿鱼,0.011,0.667
凉拌菠菜---自制猪肉脯---豌豆薯仔猪骨汤---剁椒鱼头,0.011,0.556
剁椒鱼头---焖猪手---自制猪肉脯---辣炒鱿鱼---蒙古烤羊腿,0.011,0.667
清蒸海鱼---自制猪肉脯---芝士烩波士顿龙虾---谷稻小庄---焖猪手,0.011,0.833
剁椒鱼头---爆炒猪肝---芹菜炒腰花---辣炒鱿鱼---自制猪肉脯,0.011,0.833
剁椒鱼头---焖猪手---蒙古烤羊腿---豌豆薯仔猪骨汤---辣炒鱿鱼,0.011,0.833
剁椒鱼头---蒙古烤羊腿---豌豆薯仔猪骨汤---辣炒鱿鱼---焖猪手,0.011,0.833
剁椒鱼头---焖猪手---谷稻小庄---辣炒鱿鱼---蒙古烤羊腿,0.011,0.833
剁椒鱼头---焖猪手---爆炒猪肝---辣炒鱿鱼---自制猪肉脯,0.011,0.833
美妙绝伦之白莲花---自制猪肉脯---芹菜炒腰花---辣炒鱿鱼---焖猪手,0.011,0.833
爆炒猪肝---芹菜炒腰花---谷稻小庄---辣炒鱿鱼---焖猪手,0.011,0.833
番茄有机花菜---谷稻小庄---辣炒鱿鱼---水煮鱼,0.011,0.714
剁椒鱼头---油焖麻辣虾---凉拌菠菜,0.011,0.556
清蒸海鱼---爆炒猪肝---自制猪肉脯---焖猪手,0.011,0.714
剁椒鱼头---焖猪手---自制猪肉脯---芹菜炒腰花---辣炒鱿鱼---蒙古烤羊腿,0.011,0.667
剁椒鱼头---焖猪手---自制猪肉脯---芹菜炒腰花---辣炒鱿鱼---爆炒猪肝,0.011,0.667
凉拌菠菜---焖猪手---自制猪肉脯---芹菜炒腰花---豌豆薯仔猪骨汤---剁椒鱼头,0.011,0.667
凉拌菠菜---剁椒鱼头---焖猪手---芹菜炒腰花---辣炒鱿鱼---蒙古烤羊腿,0.011,0.667
凉拌菠菜---焖猪手---芹菜炒腰花---蒙古烤羊腿---辣炒鱿鱼---剁椒鱼头,0.011,0.667
凉拌菠菜---焖猪手---蒙古烤羊腿---豌豆薯仔猪骨汤---辣炒鱿鱼---剁椒鱼头,0.011,0.667
剁椒鱼头---芹菜炒腰花---蒙古烤羊腿---辣炒鱿鱼---自制猪肉脯,0.011,0.833
水煮鱼---焖猪手---自制猪肉脯---芹菜炒腰花,0.011,0.714
爆炒猪肝---自制猪肉脯---芹菜炒腰花---谷稻小庄---清蒸海鱼,0.011,0.556
焖猪手---自制猪肉脯---芹菜炒腰花---豌豆薯仔猪骨汤---剁椒鱼头,0.011,0.556
五色糯米饭(七色)---芝士烩波士顿龙虾---谷稻小庄---焖猪手,0.011,0.556
焖猪手---芹菜炒腰花---蒙古烤羊腿---姜葱炒花蟹,0.011,0.556
剁椒鱼头---辣炒鱿鱼---香酥两吃大虾---焖猪手,0.011,0.556
剁椒鱼头---焖猪手---爆炒猪肝---谷稻小庄,0.011,0.556
剁椒鱼头---焖猪手---豌豆薯仔猪骨汤---自制猪肉脯,0.011,0.556
焖猪手---芹菜炒腰花---蒙古烤羊腿---豌豆薯仔猪骨汤,0.011,0.556
爆炒猪肝---自制猪肉脯---谷稻小庄---清蒸海鱼,0.011,0.556
剁椒鱼头---辣炒鱿鱼---香酥两吃大虾---自制猪肉脯,0.011,0.556
自制猪肉脯---芹菜炒腰花---香酥两吃大虾---剁椒鱼头,0.011,0.556
美妙绝伦之白莲花---自制猪肉脯---芹菜炒腰花---剁椒鱼头,0.011,0.556
焖猪手---自制猪肉脯---芝士烩波士顿龙虾---芹菜炒腰花---美妙绝伦之白莲花,0.011,0.556
焖猪手---自制猪肉脯---芝士烩波士顿龙虾---芹菜炒腰花---清蒸海鱼,0.011,0.556
焖猪手---爆炒猪肝---芹菜炒腰花---辣炒鱿鱼---谷稻小庄,0.011,0.556
焖猪手---爆炒猪肝---芹菜炒腰花---辣炒鱿鱼---蒙古烤羊腿,0.011,0.556
焖猪手---自制猪肉脯---芹菜炒腰花---豌豆薯仔猪骨汤---辣炒鱿鱼,0.011,0.556
凉拌菠菜---剁椒鱼头---焖猪手---芹菜炒腰花---辣炒鱿鱼---爆炒猪肝,0.011,0.667
凉拌菠菜---焖猪手---自制猪肉脯---芹菜炒腰花---豌豆薯仔猪骨汤---爆炒猪肝,0.011,0.667
剁椒鱼头---爆炒猪肝---自制猪肉脯---芹菜炒腰花---辣炒鱿鱼,0.011,0.667
大蒜苋菜---芹菜炒腰花---美妙绝伦之白莲花,0.011,0.556
南瓜枸杞小饼干---谷稻小庄---辣炒鱿鱼,0.011,0.556
五色糯米饭(七色)---小米南瓜粥---辣炒鱿鱼,0.011,0.556
葱油凉拌藕片---辣炒鱿鱼---蒙古烤羊腿,0.011,0.556
葱油凉拌藕片---谷稻小庄---辣炒鱿鱼,0.011,0.556
葱油凉拌藕片---辣炒鱿鱼---谷稻小庄,0.011,0.556
谷稻小庄---鱼香肉丝拌面---辣炒鱿鱼,0.011,0.556
打卤面---谷稻小庄---水煮鱼,0.011,0.556
芝士烩波士顿龙虾---谷稻小庄---辣炒鱿鱼---焖猪手,0.011,0.556
水煮鱼---鱼香肉丝拌面---清爽拌凉面,0.011,0.556
水煮鱼---鱼香肉丝拌面---五色糯米饭(七色),0.011,0.556
姜葱炒花蟹---爆炒猪肝---辣炒鱿鱼,0.011,0.556
凉拌蒜蓉西兰花---焖猪手---芝士烩波士顿龙虾,0.011,0.556
糖醋蕃茄溜青花---芝士烩波士顿龙虾---五色糯米饭(七色),0.011,0.556
五色糯米饭(七色)---小米南瓜粥---凉拌菠菜,0.011,0.556
油焖麻辣虾---蒙古烤羊腿---凉拌菠菜,0.011,0.556
大蒜苋菜---芹菜炒腰花---爆炒猪肝,0.011,0.556
大蒜苋菜---芹菜炒腰花---自制猪肉脯,0.011,0.556
凉拌菠菜---自制猪肉脯---豌豆薯仔猪骨汤---爆炒猪肝,0.011,0.556
凉拌菠菜---香烤牛排---麻辣小龙虾---辣炒鱿鱼,0.011,0.556
凉拌菠菜---爆炒猪肝---蒙古烤羊腿---自制猪肉脯,0.011,0.556
凉拌菠菜---孜然羊排---自制猪肉脯---爆炒猪肝,0.011,0.556
凉拌菠菜---爆炒猪肝---蒙古烤羊腿---孜然羊排,0.011,0.556
凉拌菠菜---辣炒鱿鱼---香烤牛排---蒙古烤羊腿,0.011,0.556
凉拌菠菜---白胡椒胡萝卜羊肉汤---辣炒鱿鱼---蒙古烤羊腿,0.011,0.556
凉拌菠菜---爆炒猪肝---蒙古烤羊腿---焖猪手,0.011,0.556
凉拌菠菜---白胡椒胡萝卜羊肉汤---辣炒鱿鱼---焖猪手,0.011,0.556
凉拌菠菜---芝士烩波士顿龙虾---辣炒鱿鱼---谷稻小庄,0.011,0.556
芝士烩波士顿龙虾---谷稻小庄---辣炒鱿鱼---凉拌菠菜,0.011,0.556
凉拌菠菜---孜然羊排---辣炒鱿鱼---麻辣小龙虾---蒙古烤羊腿,0.011,0.833
焖猪手---辣炒鱿鱼---麻辣小龙虾---芹菜炒腰花,0.011,0.556
水煮鱼---辣炒鱿鱼---麻辣小龙虾---自制猪肉脯,0.011,0.556
自制猪肉脯---辣炒鱿鱼---麻辣小龙虾---水煮鱼,0.011,0.556
凉拌菠菜---香烤牛排---麻辣小龙虾---蒙古烤羊腿,0.011,0.556
凉拌菠菜---辣炒鱿鱼---香烤牛排---麻辣小龙虾,0.011,0.556
自制猪肉脯---蒙古烤羊腿---辣炒鱿鱼---麻辣小龙虾---凉拌菠菜,0.011,0.833
白胡椒胡萝卜羊肉汤---自制猪肉脯---芹菜炒腰花---凉拌菠菜,0.011,0.833
孜然羊排---蒙古烤羊腿---辣炒鱿鱼---麻辣小龙虾---凉拌菠菜,0.011,0.833
凉拌菠菜---孜然羊排---蒙古烤羊腿---麻辣小龙虾---辣炒鱿鱼,0.011,0.714
焖猪手---爆炒猪肝---谷稻小庄---剁椒鱼头,0.011,0.526
焖猪手---蒙古烤羊腿---豌豆薯仔猪骨汤---芹菜炒腰花,0.011,0.526
焖猪手---蒙古烤羊腿---豌豆薯仔猪骨汤---自制猪肉脯,0.011,0.526
蒙古烤羊腿---豌豆薯仔猪骨汤---辣炒鱿鱼---芹菜炒腰花,0.011,0.526
蒙古烤羊腿---豌豆薯仔猪骨汤---辣炒鱿鱼---自制猪肉脯,0.011,0.526
剁椒鱼头---爆炒猪肝---自制猪肉脯---蒙古烤羊腿,0.011,0.526
凉拌菠菜---焖猪手---芹菜炒腰花---谷稻小庄---芝士烩波士顿龙虾,0.011,0.526
凉拌菠菜---剁椒鱼头---焖猪手---辣炒鱿鱼---爆炒猪肝,0.011,0.526
凉拌菠菜---剁椒鱼头---焖猪手---芹菜炒腰花---香酥两吃大虾,0.011,0.526
凉拌菠菜---剁椒鱼头---焖猪手---芹菜炒腰花---蒙古烤羊腿,0.011,0.526
焖猪手---自制猪肉脯---谷稻小庄---辣炒鱿鱼---爆炒猪肝,0.011,0.526
凉拌菠菜---焖猪手---爆炒猪肝---自制猪肉脯---芹菜炒腰花---豌豆薯仔猪骨汤,0.011,0.526
剁椒鱼头---焖猪手---香酥两吃大虾---辣炒鱿鱼,0.011,0.714
清蒸海鱼---爆炒猪肝---自制猪肉脯---谷稻小庄,0.011,0.714
剁椒鱼头---自制猪肉脯---香酥两吃大虾---辣炒鱿鱼,0.011,0.714
自制猪肉脯---豌豆薯仔猪骨汤---辣炒鱿鱼---蒙古烤羊腿,0.011,0.714
剁椒鱼头---芹菜炒腰花---香酥两吃大虾---自制猪肉脯,0.011,0.714
剁椒鱼头---自制猪肉脯---香酥两吃大虾---芹菜炒腰花,0.011,0.714
剁椒鱼头---芹菜炒腰花---蒙古烤羊腿---自制猪肉脯,0.011,0.714
剁椒鱼头---芹菜炒腰花---豌豆薯仔猪骨汤---自制猪肉脯,0.011,0.714
凉拌菠菜---水煮鱼---辣炒鱿鱼---麻辣小龙虾---蒙古烤羊腿,0.011,0.714
焖猪手---爆炒猪肝---谷稻小庄---辣炒鱿鱼,0.011,0.526
焖猪手---爆炒猪肝---谷稻小庄---清蒸海鱼,0.011,0.526
焖猪手---美妙绝伦之白莲花---芝士烩波士顿龙虾---炝炒大白菜,0.011,0.526
凉拌菠菜---自制猪肉脯---芝士烩波士顿龙虾---爆炒猪肝,0.011,0.526
南瓜枸杞小饼干---辣炒鱿鱼---谷稻小庄,0.011,0.526
南瓜枸杞小饼干---辣炒鱿鱼---自制猪肉脯,0.011,0.526
美妙绝伦之白莲花---豌豆薯仔猪骨汤---辣炒鱿鱼,0.011,0.526
番茄有机花菜---糖醋蕃茄溜青花---凉拌蒜蓉西兰花,0.011,0.526
美妙绝伦之白莲花---豌豆薯仔猪骨汤---剁椒鱼头,0.011,0.526
美妙绝伦之白莲花---豌豆薯仔猪骨汤---芹菜炒腰花,0.011,0.526
美妙绝伦之白莲花---豌豆薯仔猪骨汤---自制猪肉脯,0.011,0.526
蒙古烤羊腿---豌豆薯仔猪骨汤---辣炒鱿鱼---麻辣小龙虾,0.011,0.526
凉拌菠菜---芝士烩波士顿龙虾---芹菜炒腰花---爆炒猪肝,0.011,0.526
凉拌菠菜---清蒸海鱼---谷稻小庄---焖猪手,0.011,0.526
焖猪手---爆炒猪肝---芝士烩波士顿龙虾---清蒸海鱼,0.011,0.526
凉拌菠菜---炝炒大白菜---辣炒鱿鱼---焖猪手,0.011,0.526
凉拌菠菜---清蒸海鱼---谷稻小庄---爆炒猪肝,0.011,0.526
凉拌菠菜---清蒸海鱼---谷稻小庄---自制猪肉脯,0.011,0.526
凉拌菠菜---孜然羊排---谷稻小庄---辣炒鱿鱼,0.011,0.526
凉拌菠菜---爆炒猪肝---香酥两吃大虾---芹菜炒腰花,0.011,0.526
凉拌菠菜---美妙绝伦之白莲花---芹菜炒腰花---豌豆薯仔猪骨汤,0.011,0.526
焖猪手---爆炒猪肝---谷稻小庄---芝士烩波士顿龙虾,0.011,0.526
焖猪手---爆炒猪肝---芝士烩波士顿龙虾---谷稻小庄,0.011,0.526
焖猪手---美妙绝伦之白莲花---芝士烩波士顿龙虾---谷稻小庄,0.011,0.526
凉拌菠菜---自制猪肉脯---辣炒鱿鱼---麻辣小龙虾---焖猪手,0.011,0.714
凉拌菠菜---自制猪肉脯---辣炒鱿鱼---麻辣小龙虾---蒙古烤羊腿,0.011,0.714
清蒸海鱼---炝炒大白菜---谷稻小庄,0.011,0.526
凉拌菠菜---焖猪手---芝士烩波士顿龙虾---芹菜炒腰花---谷稻小庄,0.011,0.714
自制猪肉脯---芹菜炒腰花---豌豆薯仔猪骨汤---辣炒鱿鱼---焖猪手,0.011,0.909
焖猪手---芹菜炒腰花---豌豆薯仔猪骨汤---辣炒鱿鱼---自制猪肉脯,0.011,0.714
焖猪手---美妙绝伦之白莲花---自制猪肉脯---芹菜炒腰花---爆炒猪肝,0.011,0.714
剁椒鱼头---自制猪肉脯---蒙古烤羊腿---辣炒鱿鱼---焖猪手,0.011,0.714
剁椒鱼头---自制猪肉脯---蒙古烤羊腿---辣炒鱿鱼---芹菜炒腰花,0.011,0.714
凉拌菠菜---焖猪手---爆炒猪肝---芹菜炒腰花---辣炒鱿鱼---剁椒鱼头,0.011,0.714
凉拌菠菜---剁椒鱼头---焖猪手---蒙古烤羊腿---辣炒鱿鱼---豌豆薯仔猪骨汤,0.011,0.714
凉拌菠菜---剁椒鱼头---焖猪手---蒙古烤羊腿---辣炒鱿鱼---芹菜炒腰花,0.011,0.714
剁椒鱼头---焖猪手---爆炒猪肝---自制猪肉脯---芹菜炒腰花---辣炒鱿鱼,0.011,0.714
焖猪手---爆炒猪肝---美妙绝伦之白莲花---自制猪肉脯---芹菜炒腰花,0.011,0.909
剁椒鱼头---焖猪手---自制猪肉脯---蒙古烤羊腿---辣炒鱿鱼,0.011,0.909
剁椒鱼头---焖猪手---芹菜炒腰花---蒙古烤羊腿---自制猪肉脯,0.011,0.909
剁椒鱼头---焖猪手---自制猪肉脯---蒙古烤羊腿---芹菜炒腰花,0.011,0.909
清蒸海鱼---自制猪肉脯---芹菜炒腰花---谷稻小庄---爆炒猪肝,0.011,0.909
清蒸海鱼---爆炒猪肝---自制猪肉脯---芹菜炒腰花---谷稻小庄,0.011,0.909
凉拌菠菜---剁椒鱼头---焖猪手---蒙古烤羊腿---豌豆薯仔猪骨汤---辣炒鱿鱼,0.011,0.909
剁椒鱼头---焖猪手---芹菜炒腰花---蒙古烤羊腿---辣炒鱿鱼---凉拌菠菜,0.011,0.909
凉拌菠菜---剁椒鱼头---芹菜炒腰花---蒙古烤羊腿---辣炒鱿鱼---焖猪手,0.011,0.909
爆炒猪肝---自制猪肉脯---芝士烩波士顿龙虾---芹菜炒腰花---谷稻小庄---焖猪手,0.011,0.909
爆炒猪肝---自制猪肉脯---芹菜炒腰花---谷稻小庄---辣炒鱿鱼---焖猪手,0.011,0.909
剁椒鱼头---焖猪手---芹菜炒腰花---蒙古烤羊腿---辣炒鱿鱼---自制猪肉脯,0.011,0.909
爆炒猪肝---自制猪肉脯---谷稻小庄---辣炒鱿鱼---焖猪手,0.011,0.909
焖猪手---爆炒猪肝---芹菜炒腰花---蒙古烤羊腿---辣炒鱿鱼,0.011,0.909
爆炒猪肝---芹菜炒腰花---蒙古烤羊腿---辣炒鱿鱼---焖猪手,0.011,0.909
凉拌菠菜---剁椒鱼头---爆炒猪肝---辣炒鱿鱼---焖猪手,0.011,0.714
凉拌菠菜---焖猪手---芝士烩波士顿龙虾---芹菜炒腰花---美妙绝伦之白莲花,0.011,0.714
凉拌菠菜---焖猪手---美妙绝伦之白莲花---芹菜炒腰花---芝士烩波士顿龙虾,0.011,0.714
凉拌菠菜---自制猪肉脯---芝士烩波士顿龙虾---芹菜炒腰花---爆炒猪肝,0.011,0.714
凉拌菠菜---自制猪肉脯---芝士烩波士顿龙虾---芹菜炒腰花---美妙绝伦之白莲花,0.011,0.714
凉拌菠菜---自制猪肉脯---芝士烩波士顿龙虾---芹菜炒腰花---谷稻小庄,0.011,0.714
凉拌菠菜---芹菜炒腰花---辣炒鱿鱼---香酥两吃大虾---焖猪手,0.011,0.714
凉拌菠菜---焖猪手---爆炒猪肝---豌豆薯仔猪骨汤---自制猪肉脯,0.011,0.714
凉拌菠菜---焖猪手---美妙绝伦之白莲花---自制猪肉脯---爆炒猪肝,0.011,0.714
凉拌菠菜---焖猪手---爆炒猪肝---辣炒鱿鱼---剁椒鱼头,0.011,0.714
凉拌菠菜---剁椒鱼头---自制猪肉脯---蒙古烤羊腿---焖猪手,0.011,0.714
焖猪手---美妙绝伦之白莲花---自制猪肉脯---芹菜炒腰花---辣炒鱿鱼,0.011,0.714
凉拌菠菜---剁椒鱼头---爆炒猪肝---辣炒鱿鱼---蒙古烤羊腿,0.011,0.714
凉拌菠菜---剁椒鱼头---爆炒猪肝---辣炒鱿鱼---芹菜炒腰花,0.011,0.714
凉拌菠菜---芹菜炒腰花---辣炒鱿鱼---香酥两吃大虾---剁椒鱼头,0.011,0.714
凉拌菠菜---孜然羊排---自制猪肉脯---辣炒鱿鱼---蒙古烤羊腿,0.011,0.714
凉拌菠菜---孜然羊排---自制猪肉脯---辣炒鱿鱼---芹菜炒腰花,0.011,0.714
凉拌菠菜---芹菜炒腰花---豌豆薯仔猪骨汤---辣炒鱿鱼---自制猪肉脯,0.011,0.714
凉拌菠菜---剁椒鱼头---芹菜炒腰花---豌豆薯仔猪骨汤---自制猪肉脯,0.011,0.714
焖猪手---美妙绝伦之白莲花---自制猪肉脯---芹菜炒腰花---芝士烩波士顿龙虾,0.011,0.714
焖猪手---芹菜炒腰花---豌豆薯仔猪骨汤---辣炒鱿鱼---蒙古烤羊腿,0.011,0.714
凉拌蒜蓉西兰花---清蒸海鱼---爆炒猪肝,0.011,0.526
意文柠檬汁---自制猪肉脯---五色糯米饭(七色),0.011,0.526
凉拌菠菜---焖猪手---蒜香辣花甲---辣炒鱿鱼,0.011,0.667
清蒸海鱼---焖猪手---谷稻小庄---凉拌菠菜,0.011,0.833
剁椒鱼头---姜葱炒花蟹---辣炒鱿鱼---蒙古烤羊腿,0.011,0.833
剁椒鱼头---姜葱炒花蟹---辣炒鱿鱼---焖猪手,0.011,0.833
姜葱炒花蟹---自制猪肉脯---芹菜炒腰花---辣炒鱿鱼,0.011,0.833
姜葱炒花蟹---焖猪手---自制猪肉脯---芹菜炒腰花,0.011,0.833
姜葱炒花蟹---自制猪肉脯---芹菜炒腰花---焖猪手,0.011,0.833
姜葱炒花蟹---焖猪手---自制猪肉脯---辣炒鱿鱼,0.011,0.833
五色糯米饭(七色)---焖猪手---谷稻小庄---芝士烩波士顿龙虾,0.011,0.833
清蒸海鱼---焖猪手---芹菜炒腰花---芝士烩波士顿龙虾,0.011,0.833
凉拌菠菜---白胡椒胡萝卜羊肉汤---自制猪肉脯---芹菜炒腰花,0.011,0.833
凉拌菠菜---白胡椒胡萝卜羊肉汤---芹菜炒腰花---自制猪肉脯,0.011,0.833
剁椒鱼头---姜葱炒花蟹---蒙古烤羊腿---凉拌菠菜,0.011,1.0
爆炒猪肝---自制猪肉脯---豌豆薯仔猪骨汤---凉拌菠菜,0.011,0.833
孜然羊排---爆炒猪肝---自制猪肉脯---凉拌菠菜,0.011,0.833
凉拌菠菜---豌豆薯仔猪骨汤---香酥两吃大虾---辣炒鱿鱼,0.011,0.833
豌豆薯仔猪骨汤---辣炒鱿鱼---香酥两吃大虾---凉拌菠菜,0.011,0.833
凉拌菠菜---豌豆薯仔猪骨汤---香酥两吃大虾---焖猪手,0.011,0.833
焖猪手---自制猪肉脯---麻辣小龙虾---凉拌菠菜,0.011,0.667
凉拌菠菜---姜葱炒花蟹---麻辣小龙虾---辣炒鱿鱼,0.011,0.667
大蒜苋菜---炝炒大白菜---美妙绝伦之白莲花,0.011,0.667
芹菜炒腰花---香烤牛排---自制猪肉脯,0.011,0.667
焖猪手---美妙绝伦之白莲花---辣炒鱿鱼---凉拌菠菜,0.011,0.833
清蒸海鱼---焖猪手---谷稻小庄---爆炒猪肝,0.011,0.833
清蒸海鱼---焖猪手---芹菜炒腰花---爆炒猪肝,0.011,0.833
凉拌菠菜---清蒸海鱼---焖猪手---芝士烩波士顿龙虾,0.011,0.667
焖猪手---芹菜炒腰花---香烤牛排---自制猪肉脯,0.011,0.833
凉拌菠菜---蒜香辣花甲---辣炒鱿鱼---焖猪手,0.011,0.667
焖猪手---自制猪肉脯---辣炒鱿鱼---麻辣小龙虾---凉拌菠菜,0.011,0.833
孜然羊排---爆炒猪肝---自制猪肉脯---芹菜炒腰花,0.011,0.833
孜然羊排---自制猪肉脯---蒙古烤羊腿---辣炒鱿鱼,0.011,0.833
孜然羊排---爆炒猪肝---自制猪肉脯---辣炒鱿鱼,0.011,0.833
清蒸海鱼---芹菜炒腰花---谷稻小庄---爆炒猪肝,0.011,0.833
孜然羊排---焖猪手---自制猪肉脯---芹菜炒腰花,0.011,0.833
孜然羊排---焖猪手---自制猪肉脯---辣炒鱿鱼,0.011,0.833
孜然羊排---焖猪手---辣炒鱿鱼---自制猪肉脯,0.011,0.833
焖猪手---美妙绝伦之白莲花---辣炒鱿鱼---自制猪肉脯,0.011,0.833
凉拌菠菜---水煮鱼---芹菜炒腰花---焖猪手,0.011,0.667
焖猪手---美妙绝伦之白莲花---辣炒鱿鱼---芹菜炒腰花,0.011,0.833
清蒸海鱼---焖猪手---自制猪肉脯---芹菜炒腰花,0.011,0.833
清蒸海鱼---焖猪手---芹菜炒腰花---自制猪肉脯,0.011,0.833
清蒸海鱼---焖猪手---自制猪肉脯---谷稻小庄,0.011,0.833
清蒸海鱼---焖猪手---谷稻小庄---自制猪肉脯,0.011,0.833
清蒸海鱼---焖猪手---自制猪肉脯---爆炒猪肝,0.011,0.833
凉拌菠菜---清蒸海鱼---焖猪手---谷稻小庄,0.011,0.667
凉拌菠菜---水煮鱼---豌豆薯仔猪骨汤---辣炒鱿鱼,0.011,0.667
凉拌菠菜---水煮鱼---豌豆薯仔猪骨汤---焖猪手,0.011,0.667
焖猪手---蒜香辣花甲---辣炒鱿鱼---凉拌菠菜,0.011,0.833
水煮鱼---豌豆薯仔猪骨汤---辣炒鱿鱼---凉拌菠菜,0.011,0.833
意文柠檬汁---清蒸海鱼---辣炒鱿鱼,0.011,0.526
姜葱炒花蟹---自制猪肉脯---芹菜炒腰花---凉拌菠菜,0.011,0.833
爆炒猪肝---谷稻小庄---辣炒鱿鱼---焖猪手,0.011,0.714
爆炒猪肝---蒙古烤羊腿---辣炒鱿鱼---焖猪手,0.011,0.714
美妙绝伦之白莲花---芹菜炒腰花---辣炒鱿鱼---焖猪手,0.011,0.714
美妙绝伦之白莲花---自制猪肉脯---辣炒鱿鱼---焖猪手,0.011,0.714
爆炒猪肝---美妙绝伦之白莲花---芹菜炒腰花---焖猪手,0.011,0.714
咖啡奶香面包---谷稻小庄,0.011,0.526
小米南瓜粥---西瓜胡萝卜沙拉---凉拌菠菜,0.011,0.526
清爽拌凉面---西瓜胡萝卜沙拉---凉拌菠菜,0.011,0.526
美妙绝伦之白莲花---西瓜胡萝卜沙拉---凉拌菠菜,0.011,0.526
清爽拌凉面---麻辣小龙虾---凉拌菠菜,0.011,0.526
水煮鱼---香烤牛排---麻辣小龙虾,0.011,0.526
农夫山泉NFC果汁100%橙汁---辣炒鱿鱼---凉拌菠菜,0.011,0.526
农夫山泉NFC果汁100%橙汁---辣炒鱿鱼---谷稻小庄,0.011,0.526
蒙古烤羊腿---香菇鹌鹑蛋---凉拌菠菜,0.011,0.526
凉拌蒜蓉西兰花---意文柠檬汁---凉拌菠菜,0.011,0.526
照烧鸡腿---辣炒鱿鱼---凉拌菠菜,0.011,0.526
爆炒猪肝---香烤牛排---凉拌菠菜,0.011,0.526
剁椒鱼头---姜葱炒花蟹---蒙古烤羊腿,0.011,0.526
辣炒鱿鱼---香菇鹌鹑蛋---水煮鱼,0.011,0.526
辣炒鱿鱼---香菇鹌鹑蛋---谷稻小庄,0.011,0.526
大蒜苋菜---辣炒鱿鱼---焖猪手,0.011,0.526
芹菜炒腰花---香烤牛排---麻辣小龙虾,0.011,0.667
番茄炖牛腩---皮蛋瘦肉粥---五色糯米饭(七色),0.011,0.667
小米南瓜粥---爆炒双丝---凉拌菠菜,0.011,0.667
紫薯面包卷---辣炒鱿鱼---谷稻小庄,0.011,0.833
凉拌菠菜---剁椒鱼头---姜葱炒花蟹---蒙古烤羊腿,0.011,0.833
姜葱炒花蟹---焖猪手---自制猪肉脯---凉拌菠菜,0.011,0.833
豌豆薯仔猪骨汤---辣炒鱿鱼---麻辣小龙虾---蒙古烤羊腿,0.011,0.833
凉拌菠菜---豌豆薯仔猪骨汤---麻辣小龙虾---辣炒鱿鱼,0.011,0.833
豌豆薯仔猪骨汤---辣炒鱿鱼---麻辣小龙虾---凉拌菠菜,0.011,0.833
凉拌菠菜---豌豆薯仔猪骨汤---麻辣小龙虾---蒙古烤羊腿,0.011,0.833
蒙古烤羊腿---香烤牛排---麻辣小龙虾---凉拌菠菜,0.011,0.833
辣炒鱿鱼---香烤牛排---麻辣小龙虾---凉拌菠菜,0.011,0.833
冰糖红豆薏米粥---番茄有机花菜---谷稻小庄,0.011,0.833
南瓜枸杞小饼干---自制猪肉脯---辣炒鱿鱼,0.011,0.833
白斩鸡---辣炒鱿鱼---水煮鱼,0.011,0.667
凉拌菠菜---剁椒鱼头---美妙绝伦之白莲花---自制猪肉脯---芹菜炒腰花,0.011,0.909
爆炒猪肝---芝士烩波士顿龙虾---芹菜炒腰花---谷稻小庄---焖猪手,0.011,0.909
爆炒猪肝---自制猪肉脯---芝士烩波士顿龙虾---谷稻小庄---焖猪手,0.011,0.909
美妙绝伦之白莲花---自制猪肉脯---芝士烩波士顿龙虾---芹菜炒腰花---焖猪手,0.011,0.909
清蒸海鱼---焖猪手---芝士烩波士顿龙虾---谷稻小庄---自制猪肉脯,0.011,0.909
清蒸海鱼---焖猪手---自制猪肉脯---芝士烩波士顿龙虾---谷稻小庄,0.011,0.909
清蒸海鱼---焖猪手---自制猪肉脯---芝士烩波士顿龙虾---芹菜炒腰花,0.011,0.909
芹菜炒腰花---香烤牛排---辣炒鱿鱼,0.011,0.667
五色糯米饭(七色)---鱼香肉丝拌面---水煮鱼,0.011,0.667
焖猪手---自制猪肉脯---芝士烩波士顿龙虾---芹菜炒腰花---谷稻小庄---爆炒猪肝,0.011,0.833
凉拌菠菜---焖猪手---自制猪肉脯---麻辣小龙虾---辣炒鱿鱼,0.011,1.0
孜然羊排---爆炒猪肝---蒙古烤羊腿---凉拌菠菜,0.011,1.0
凉拌菠菜---剁椒鱼头---爆炒猪肝---芹菜炒腰花---辣炒鱿鱼---焖猪手,0.011,1.0
凉拌菠菜---焖猪手---美妙绝伦之白莲花---芝士烩波士顿龙虾---芹菜炒腰花,0.011,0.769
凉拌菠菜---焖猪手---芝士烩波士顿龙虾---谷稻小庄---芹菜炒腰花,0.011,0.769
焖猪手---芝士烩波士顿龙虾---芹菜炒腰花---谷稻小庄---凉拌菠菜,0.011,0.769
焖猪手---自制猪肉脯---芹菜炒腰花---麻辣小龙虾---辣炒鱿鱼,0.011,0.769
剁椒鱼头---美妙绝伦之白莲花---芹菜炒腰花---自制猪肉脯,0.011,0.769
剁椒鱼头---焖猪手---自制猪肉脯---芹菜炒腰花---豌豆薯仔猪骨汤---凉拌菠菜,0.011,1.0
凉拌菠菜---剁椒鱼头---焖猪手---芹菜炒腰花---蒙古烤羊腿---辣炒鱿鱼,0.011,1.0
剁椒鱼头---焖猪手---蒙古烤羊腿---豌豆薯仔猪骨汤---辣炒鱿鱼---凉拌菠菜,0.011,1.0
凉拌菠菜---剁椒鱼头---焖猪手---爆炒猪肝---辣炒鱿鱼---芹菜炒腰花,0.011,1.0
剁椒鱼头---爆炒猪肝---蒙古烤羊腿---自制猪肉脯,0.011,0.769
凉拌菠菜---剁椒鱼头---自制猪肉脯---芹菜炒腰花---豌豆薯仔猪骨汤---焖猪手,0.011,1.0
爆炒猪肝---自制猪肉脯---蒙古烤羊腿---剁椒鱼头,0.011,0.769
自制猪肉脯---蒙古烤羊腿---谷稻小庄---辣炒鱿鱼,0.011,0.769
炝炒大白菜---自制猪肉脯---辣炒鱿鱼---谷稻小庄,0.011,0.769
孜然羊排---爆炒猪肝---辣炒鱿鱼---自制猪肉脯,0.011,0.769
清蒸海鱼---爆炒猪肝---芹菜炒腰花---谷稻小庄,0.011,0.769
炝炒大白菜---焖猪手---美妙绝伦之白莲花---自制猪肉脯,0.011,0.769
焖猪手---爆炒猪肝---美妙绝伦之白莲花---芹菜炒腰花,0.011,0.769
焖猪手---爆炒猪肝---蒙古烤羊腿---自制猪肉脯,0.011,0.769
爆炒猪肝---自制猪肉脯---蒙古烤羊腿---焖猪手,0.011,0.769
爆炒猪肝---自制猪肉脯---芝士烩波士顿龙虾---芹菜炒腰花---凉拌菠菜,0.011,0.769
凉拌菠菜---剁椒鱼头---焖猪手---自制猪肉脯---豌豆薯仔猪骨汤---芹菜炒腰花,0.011,1.0
清蒸海鱼---自制猪肉脯---芹菜炒腰花---焖猪手,0.011,0.769
焖猪手---爆炒猪肝---自制猪肉脯---芝士烩波士顿龙虾---谷稻小庄,0.011,0.769
焖猪手---爆炒猪肝---自制猪肉脯---芹菜炒腰花---谷稻小庄---芝士烩波士顿龙虾,0.011,0.625
焖猪手---爆炒猪肝---自制猪肉脯---芹菜炒腰花---辣炒鱿鱼---谷稻小庄,0.011,0.625
焖猪手---爆炒猪肝---自制猪肉脯---芹菜炒腰花---谷稻小庄---辣炒鱿鱼,0.011,0.625
焖猪手---爆炒猪肝---自制猪肉脯---芹菜炒腰花---辣炒鱿鱼---剁椒鱼头,0.011,0.625
焖猪手---自制猪肉脯---芹菜炒腰花---蒙古烤羊腿---辣炒鱿鱼---剁椒鱼头,0.011,0.625
剁椒鱼头---爆炒猪肝---自制猪肉脯---芹菜炒腰花---辣炒鱿鱼---焖猪手,0.011,1.0
焖猪手---爆炒猪肝---自制猪肉脯---谷稻小庄---辣炒鱿鱼---芹菜炒腰花,0.011,1.0
焖猪手---爆炒猪肝---芹菜炒腰花---谷稻小庄---辣炒鱿鱼---自制猪肉脯,0.011,1.0
焖猪手---美妙绝伦之白莲花---自制猪肉脯---芝士烩波士顿龙虾---芹菜炒腰花,0.011,0.769
焖猪手---芝士烩波士顿龙虾---芹菜炒腰花---谷稻小庄---爆炒猪肝,0.011,0.769
焖猪手---爆炒猪肝---芝士烩波士顿龙虾---芹菜炒腰花---谷稻小庄---自制猪肉脯,0.011,1.0
凉拌菠菜---孜然羊排---自制猪肉脯---芹菜炒腰花---辣炒鱿鱼,0.011,0.769
凉拌菠菜---剁椒鱼头---芹菜炒腰花---香酥两吃大虾---辣炒鱿鱼,0.011,0.769
剁椒鱼头---蒙古烤羊腿---谷稻小庄---辣炒鱿鱼---凉拌菠菜,0.011,0.769
炝炒大白菜---焖猪手---自制猪肉脯---芹菜炒腰花---凉拌菠菜,0.011,0.769
凉拌菠菜---剁椒鱼头---芹菜炒腰花---蒙古烤羊腿---焖猪手,0.011,0.769
凉拌菠菜---剁椒鱼头---芹菜炒腰花---香酥两吃大虾---焖猪手,0.011,0.769
凉拌菠菜---姜葱炒花蟹---自制猪肉脯---辣炒鱿鱼---芹菜炒腰花,0.011,0.769
自制猪肉脯---芝士烩波士顿龙虾---芹菜炒腰花---谷稻小庄---凉拌菠菜,0.011,0.769
焖猪手---爆炒猪肝---自制猪肉脯---芝士烩波士顿龙虾---谷稻小庄---芹菜炒腰花,0.011,1.0
焖猪手---爆炒猪肝---蒙古烤羊腿---辣炒鱿鱼,0.011,0.769
清蒸海鱼---焖猪手---爆炒猪肝---自制猪肉脯,0.011,0.769
剁椒鱼头---美妙绝伦之白莲花---豌豆薯仔猪骨汤---凉拌菠菜,0.011,1.0
姜葱炒花蟹---自制猪肉脯---蒙古烤羊腿---凉拌菠菜,0.011,0.769
爆炒猪肝---芹菜炒腰花---香酥两吃大虾---凉拌菠菜,0.011,0.769
蒙古烤羊腿---辣炒鱿鱼---香烤牛排---凉拌菠菜,0.011,0.769
孜然羊排---芹菜炒腰花---辣炒鱿鱼---凉拌菠菜,0.011,0.769
孜然羊排---爆炒猪肝---辣炒鱿鱼---凉拌菠菜,0.011,0.769
炝炒大白菜---焖猪手---美妙绝伦之白莲花---凉拌菠菜,0.011,0.769
凉拌菠菜---炝炒大白菜---芹菜炒腰花---焖猪手,0.011,0.769
焖猪手---爆炒猪肝---蒙古烤羊腿---凉拌菠菜,0.011,0.769
焖猪手---白胡椒胡萝卜羊肉汤---辣炒鱿鱼---凉拌菠菜,0.011,0.769
凉拌菠菜---剁椒鱼头---水煮鱼---辣炒鱿鱼,0.011,0.769
爆炒猪肝---芝士烩波士顿龙虾---芹菜炒腰花---凉拌菠菜,0.011,0.769
剁椒鱼头---芹菜炒腰花---谷稻小庄---凉拌菠菜,0.011,0.769
芹菜炒腰花---辣炒鱿鱼---麻辣小龙虾---蒙古烤羊腿,0.011,0.769
蒙古烤羊腿---豌豆薯仔猪骨汤---麻辣小龙虾---辣炒鱿鱼,0.011,0.769
芹菜炒腰花---辣炒鱿鱼---麻辣小龙虾---焖猪手,0.011,0.769
自制猪肉脯---蒙古烤羊腿---麻辣小龙虾---凉拌菠菜,0.011,0.769
蒙古烤羊腿---豌豆薯仔猪骨汤---麻辣小龙虾---凉拌菠菜,0.011,0.769
爆炒猪肝---辣炒鱿鱼---麻辣小龙虾---凉拌菠菜,0.011,0.769
打卤面---水煮鱼---谷稻小庄,0.011,0.769
焖猪手---美妙绝伦之白莲花---芹菜炒腰花---辣炒鱿鱼---自制猪肉脯,0.011,1.0
焖猪手---芹菜炒腰花---蒙古烤羊腿---豌豆薯仔猪骨汤---辣炒鱿鱼,0.011,1.0
爆炒猪肝---自制猪肉脯---蒙古烤羊腿---凉拌菠菜,0.011,0.769
炝炒大白菜---自制猪肉脯---芹菜炒腰花---凉拌菠菜,0.011,0.769
清蒸海鱼---焖猪手---爆炒猪肝---芹菜炒腰花,0.011,0.769
剁椒鱼头---焖猪手---自制猪肉脯---豌豆薯仔猪骨汤---芹菜炒腰花,0.011,1.0
清蒸海鱼---爆炒猪肝---芹菜炒腰花---焖猪手,0.011,0.769
凉拌菠菜---焖猪手---爆炒猪肝---自制猪肉脯---豌豆薯仔猪骨汤---芹菜炒腰花,0.011,1.0
清蒸海鱼---焖猪手---爆炒猪肝---谷稻小庄,0.011,0.769
水煮鱼---番茄有机花菜---辣炒鱿鱼---谷稻小庄,0.011,0.769
炝炒大白菜---焖猪手---美妙绝伦之白莲花---芝士烩波士顿龙虾,0.011,0.769
凉拌菠菜---爆炒猪肝---自制猪肉脯---芹菜炒腰花---豌豆薯仔猪骨汤---焖猪手,0.011,1.0
剁椒鱼头---自制猪肉脯---芹菜炒腰花---蒙古烤羊腿---辣炒鱿鱼,0.011,1.0
清蒸海鱼---爆炒猪肝---自制猪肉脯---谷稻小庄---芹菜炒腰花,0.011,1.0
清蒸海鱼---爆炒猪肝---芹菜炒腰花---谷稻小庄---自制猪肉脯,0.011,1.0
剁椒鱼头---自制猪肉脯---芹菜炒腰花---豌豆薯仔猪骨汤---焖猪手,0.011,1.0
凉拌菠菜---炝炒大白菜---芹菜炒腰花---自制猪肉脯,0.011,0.769
剁椒鱼头---自制猪肉脯---芹菜炒腰花---蒙古烤羊腿---焖猪手,0.011,1.0
剁椒鱼头---焖猪手---蒙古烤羊腿---谷稻小庄---辣炒鱿鱼,0.011,1.0
焖猪手---爆炒猪肝---美妙绝伦之白莲花---芹菜炒腰花---自制猪肉脯,0.011,1.0
焖猪手---自制猪肉脯---蒙古烤羊腿---豌豆薯仔猪骨汤---辣炒鱿鱼,0.011,1.0
自制猪肉脯---蒙古烤羊腿---豌豆薯仔猪骨汤---辣炒鱿鱼---焖猪手,0.011,1.0
焖猪手---美妙绝伦之白莲花---自制猪肉脯---辣炒鱿鱼---芹菜炒腰花,0.011,1.0
清蒸海鱼---自制猪肉脯---芹菜炒腰花---芝士烩波士顿龙虾,0.011,0.769
清蒸海鱼---焖猪手---爆炒猪肝---芝士烩波士顿龙虾,0.011,0.769
凉拌菠菜---炝炒大白菜---自制猪肉脯---芹菜炒腰花,0.011,0.769
凉拌菠菜---剁椒鱼头---焖猪手---自制猪肉脯---芹菜炒腰花---豌豆薯仔猪骨汤,0.011,0.625
剁椒鱼头---自制猪肉脯---芹菜炒腰花---辣炒鱿鱼---蒙古烤羊腿,0.011,0.625
自制猪肉脯---芹菜炒腰花---蒙古烤羊腿---辣炒鱿鱼---剁椒鱼头,0.011,0.625
番茄有机花菜---番茄炖牛腩---谷稻小庄,0.011,0.625
剁椒鱼头---焖猪手---豌豆薯仔猪骨汤---辣炒鱿鱼---蒙古烤羊腿,0.011,0.769
剁椒鱼头---蒙古烤羊腿---谷稻小庄---辣炒鱿鱼---焖猪手,0.011,0.769
剁椒鱼头---爆炒猪肝---自制猪肉脯---辣炒鱿鱼---焖猪手,0.011,0.769
爆炒猪肝---美妙绝伦之白莲花---自制猪肉脯---芹菜炒腰花---焖猪手,0.011,0.769
焖猪手---自制猪肉脯---豌豆薯仔猪骨汤---辣炒鱿鱼---芹菜炒腰花,0.011,0.769
焖猪手---自制猪肉脯---豌豆薯仔猪骨汤---辣炒鱿鱼---蒙古烤羊腿,0.011,0.769
蛋挞---香酥两吃大虾---西瓜胡萝卜沙拉,0.011,0.625
爆炒双丝---香烤牛排---西瓜胡萝卜沙拉,0.011,0.625
农夫山泉NFC果汁100%橙汁---蒙古烤羊腿---凉拌菠菜,0.011,0.625
清爽拌凉面---番茄炖牛腩---五色糯米饭(七色),0.011,0.625
剁椒鱼头---爆炒猪肝---自制猪肉脯---辣炒鱿鱼---芹菜炒腰花,0.011,0.769
凉拌蒜蓉西兰花---番茄炖牛腩---辣炒鱿鱼,0.011,0.625
蒜香辣花甲---香菇鹌鹑蛋---凉拌菠菜,0.011,0.625
清爽拌凉面---糖醋蕃茄溜青花---凉拌菠菜,0.011,0.625
辣炒鱿鱼---香辣爆羊肝---水煮鱼,0.011,0.625
自制猪肉脯---香菇鹌鹑蛋---香酥两吃大虾,0.011,0.625
葱油凉拌藕片---蒙古烤羊腿---辣炒鱿鱼,0.011,0.625
孜然羊排---豌豆薯仔猪骨汤---辣炒鱿鱼,0.011,0.625
冰糖红豆薏米粥---剁椒鱼头---谷稻小庄,0.011,0.625
清蒸海鱼---焖猪手---芝士烩波士顿龙虾---凉拌菠菜,0.011,0.625
剁椒鱼头---焖猪手---芹菜炒腰花---豌豆薯仔猪骨汤---自制猪肉脯,0.011,0.769
凉拌菠菜---剁椒鱼头---焖猪手---爆炒猪肝---芹菜炒腰花---辣炒鱿鱼,0.011,0.769
剁椒鱼头---自制猪肉脯---芹菜炒腰花---辣炒鱿鱼---爆炒猪肝,0.011,0.625
炝炒大白菜---自制猪肉脯---芝士烩波士顿龙虾---焖猪手,0.011,0.909
孜然羊排---红酒炖羊肉---凉拌菠菜,0.011,0.909
孜然羊排---芝麻烤紫菜---蒙古烤羊腿,0.011,0.909
姜葱炒花蟹---辣炒鱿鱼---麻辣小龙虾---凉拌菠菜,0.011,0.909
芹菜炒腰花---蒙古烤羊腿---麻辣小龙虾---辣炒鱿鱼,0.011,0.909
姜葱炒花蟹---芹菜炒腰花---蒙古烤羊腿---凉拌菠菜,0.011,0.909
剁椒鱼头---自制猪肉脯---豌豆薯仔猪骨汤---凉拌菠菜,0.011,0.909
芹菜炒腰花---蒙古烤羊腿---豌豆薯仔猪骨汤---凉拌菠菜,0.011,0.909
炝炒大白菜---芝士烩波士顿龙虾---谷稻小庄---焖猪手,0.011,0.909
炝炒大白菜---美妙绝伦之白莲花---芝士烩波士顿龙虾---焖猪手,0.011,0.909
姜葱炒花蟹---芹菜炒腰花---辣炒鱿鱼---焖猪手,0.011,0.909
凉拌菠菜---剁椒鱼头---焖猪手---豌豆薯仔猪骨汤---辣炒鱿鱼---蒙古烤羊腿,0.011,0.769
姜葱炒花蟹---芹菜炒腰花---蒙古烤羊腿---焖猪手,0.011,0.909
姜葱炒花蟹---芹菜炒腰花---辣炒鱿鱼---自制猪肉脯,0.011,0.909
剁椒鱼头---姜葱炒花蟹---焖猪手---辣炒鱿鱼,0.011,0.909
剁椒鱼头---爆炒猪肝---谷稻小庄---焖猪手,0.011,0.909
凉拌菠菜---剁椒鱼头---焖猪手---芹菜炒腰花---豌豆薯仔猪骨汤---自制猪肉脯,0.011,0.769
剁椒鱼头---焖猪手---自制猪肉脯---芹菜炒腰花---蒙古烤羊腿---辣炒鱿鱼,0.011,1.0
剁椒鱼头---焖猪手---自制猪肉脯---蒙古烤羊腿---辣炒鱿鱼---芹菜炒腰花,0.011,1.0
剁椒鱼头---自制猪肉脯---芹菜炒腰花---蒙古烤羊腿---辣炒鱿鱼---焖猪手,0.011,1.0
剁椒鱼头---焖猪手---爆炒猪肝---自制猪肉脯---辣炒鱿鱼---芹菜炒腰花,0.011,1.0
凉拌菠菜---清蒸海鱼---芝士烩波士顿龙虾---焖猪手,0.011,0.625
爆炒猪肝---芝士烩波士顿龙虾---谷稻小庄---凉拌菠菜,0.011,0.625
凉拌菠菜---炝炒大白菜---焖猪手---芝士烩波士顿龙虾,0.011,0.625
凉拌菠菜---自制猪肉脯---芹菜炒腰花---豌豆薯仔猪骨汤---剁椒鱼头,0.011,0.625
凉拌菠菜---剁椒鱼头---焖猪手---蒙古烤羊腿---芹菜炒腰花,0.011,0.625
凉拌菠菜---剁椒鱼头---焖猪手---蒙古烤羊腿---自制猪肉脯,0.011,0.625
凉拌菠菜---剁椒鱼头---焖猪手---豌豆薯仔猪骨汤---自制猪肉脯,0.011,0.625
焖猪手---自制猪肉脯---芹菜炒腰花---香酥两吃大虾---凉拌菠菜,0.011,0.625
凉拌菠菜---蒙古烤羊腿---谷稻小庄---辣炒鱿鱼---剁椒鱼头,0.011,0.625
凉拌菠菜---孜然羊排---蒙古烤羊腿---辣炒鱿鱼---自制猪肉脯,0.011,0.625
凉拌菠菜---自制猪肉脯---芹菜炒腰花---豌豆薯仔猪骨汤---辣炒鱿鱼,0.011,0.625
凉拌菠菜---自制猪肉脯---芹菜炒腰花---豌豆薯仔猪骨汤---爆炒猪肝,0.011,0.625
凉拌菠菜---美妙绝伦之白莲花---自制猪肉脯---芹菜炒腰花---剁椒鱼头,0.011,0.625
焖猪手---爆炒猪肝---芹菜炒腰花---谷稻小庄---芝士烩波士顿龙虾,0.011,0.625
剁椒鱼头---水煮鱼---辣炒鱿鱼---凉拌菠菜,0.011,0.625
焖猪手---自制猪肉脯---芝士烩波士顿龙虾---谷稻小庄---爆炒猪肝,0.011,0.625
焖猪手---爆炒猪肝---自制猪肉脯---谷稻小庄---芝士烩波士顿龙虾,0.011,0.625
焖猪手---自制猪肉脯---芝士烩波士顿龙虾---谷稻小庄---清蒸海鱼,0.011,0.625
焖猪手---爆炒猪肝---芹菜炒腰花---谷稻小庄---辣炒鱿鱼,0.011,0.625
焖猪手---爆炒猪肝---自制猪肉脯---谷稻小庄---辣炒鱿鱼,0.011,0.625
焖猪手---蒙古烤羊腿---豌豆薯仔猪骨汤---辣炒鱿鱼---芹菜炒腰花,0.011,0.625
焖猪手---蒙古烤羊腿---豌豆薯仔猪骨汤---辣炒鱿鱼---自制猪肉脯,0.011,0.625
焖猪手---蒙古烤羊腿---豌豆薯仔猪骨汤---辣炒鱿鱼---剁椒鱼头,0.011,0.625
焖猪手---自制猪肉脯---芹菜炒腰花---蒙古烤羊腿---剁椒鱼头,0.011,0.625
凉拌菠菜---焖猪手---芹菜炒腰花---蒙古烤羊腿---剁椒鱼头,0.011,0.625
凉拌菠菜---姜葱炒花蟹---蒙古烤羊腿---辣炒鱿鱼---剁椒鱼头,0.011,0.625
凉拌菠菜---姜葱炒花蟹---焖猪手---蒙古烤羊腿---芹菜炒腰花,0.011,0.625
凉拌菠菜---焖猪手---芹菜炒腰花---蒙古烤羊腿---姜葱炒花蟹,0.011,0.625
凉拌菠菜---焖猪手---白胡椒胡萝卜羊肉汤---辣炒鱿鱼,0.011,0.625
焖猪手---豌豆薯仔猪骨汤---香酥两吃大虾---凉拌菠菜,0.011,0.625
凉拌菠菜---炝炒大白菜---焖猪手---辣炒鱿鱼,0.011,0.625
凉拌菠菜---炝炒大白菜---焖猪手---芹菜炒腰花,0.011,0.625
凉拌菠菜---炝炒大白菜---焖猪手---美妙绝伦之白莲花,0.011,0.625
美妙绝伦之白莲花---谷稻小庄---辣炒鱿鱼---凉拌菠菜,0.011,0.625
爆炒猪肝---芝士烩波士顿龙虾---谷稻小庄---焖猪手,0.011,0.625
清蒸海鱼---焖猪手---芝士烩波士顿龙虾---爆炒猪肝,0.011,0.625
清蒸海鱼---焖猪手---芝士烩波士顿龙虾---芹菜炒腰花,0.011,0.625
爆炒猪肝---芝士烩波士顿龙虾---谷稻小庄---清蒸海鱼,0.011,0.625
清蒸海鱼---芝士烩波士顿龙虾---谷稻小庄---爆炒猪肝,0.011,0.625
五色糯米饭(七色)---焖猪手---芝士烩波士顿龙虾---谷稻小庄,0.011,0.625
水煮鱼---番茄有机花菜---谷稻小庄---辣炒鱿鱼,0.011,0.625
剁椒鱼头---蒙古烤羊腿---谷稻小庄---焖猪手,0.011,0.625
孜然羊排---自制猪肉脯---辣炒鱿鱼---焖猪手,0.011,0.625
孜然羊排---自制猪肉脯---辣炒鱿鱼---爆炒猪肝,0.011,0.625
孜然羊排---自制猪肉脯---辣炒鱿鱼---蒙古烤羊腿,0.011,0.625
凉拌菠菜---孜然羊排---蒙古烤羊腿---辣炒鱿鱼---麻辣小龙虾,0.011,0.625
凉拌菠菜---美妙绝伦之白莲花---自制猪肉脯---芹菜炒腰花---芝士烩波士顿龙虾,0.011,0.625
芹菜炒腰花---蒙古烤羊腿---豌豆薯仔猪骨汤---辣炒鱿鱼---焖猪手,0.011,1.0
焖猪手---爆炒猪肝---谷稻小庄---辣炒鱿鱼---自制猪肉脯,0.011,1.0
焖猪手---爆炒猪肝---蒙古烤羊腿---辣炒鱿鱼---芹菜炒腰花,0.011,1.0
凉拌菠菜---姜葱炒花蟹---芹菜炒腰花---蒙古烤羊腿,0.011,0.714
凉拌菠菜---自制猪肉脯---蒙古烤羊腿---麻辣小龙虾---辣炒鱿鱼,0.011,1.0
蒙古烤羊腿---谷稻小庄---麻辣小龙虾---凉拌菠菜,0.011,0.714
凉拌菠菜---蒙古烤羊腿---香烤牛排---麻辣小龙虾,0.011,0.714
凉拌菠菜---自制猪肉脯---麻辣小龙虾---蒙古烤羊腿,0.011,0.714
水煮鱼---自制猪肉脯---麻辣小龙虾---辣炒鱿鱼,0.011,0.714
爆炒猪肝---自制猪肉脯---芝士烩波士顿龙虾---凉拌菠菜,0.011,0.714
炝炒大白菜---焖猪手---芝士烩波士顿龙虾---凉拌菠菜,0.011,0.714
凉拌菠菜---炝炒大白菜---芝士烩波士顿龙虾---焖猪手,0.011,0.714
凉拌菠菜---姜葱炒花蟹---自制猪肉脯---焖猪手,0.011,0.714
凉拌菠菜---姜葱炒花蟹---自制猪肉脯---蒙古烤羊腿,0.011,0.714
凉拌菠菜---爆炒猪肝---芝士烩波士顿龙虾---芹菜炒腰花---自制猪肉脯,0.011,1.0
凉拌菠菜---姜葱炒花蟹---芹菜炒腰花---自制猪肉脯,0.011,0.714
凉拌菠菜---姜葱炒花蟹---自制猪肉脯---芹菜炒腰花,0.011,0.714
水煮鱼---焖猪手---芹菜炒腰花---凉拌菠菜,0.011,0.714
水煮鱼---焖猪手---豌豆薯仔猪骨汤---凉拌菠菜,0.011,0.714
凉拌菠菜---美妙绝伦之白莲花---自制猪肉脯---芝士烩波士顿龙虾---芹菜炒腰花,0.011,0.909
凉拌菠菜---芝士烩波士顿龙虾---芹菜炒腰花---谷稻小庄---自制猪肉脯,0.011,0.909
凉拌菠菜---姜葱炒花蟹---芹菜炒腰花---辣炒鱿鱼---焖猪手,0.011,0.909
凉拌菠菜---姜葱炒花蟹---芹菜炒腰花---辣炒鱿鱼---自制猪肉脯,0.011,0.909
凉拌菠菜---剁椒鱼头---姜葱炒花蟹---辣炒鱿鱼---蒙古烤羊腿,0.011,0.909
焖猪手---芹菜炒腰花---辣炒鱿鱼---麻辣小龙虾---自制猪肉脯,0.011,1.0
凉拌菠菜---爆炒猪肝---自制猪肉脯---芝士烩波士顿龙虾---芹菜炒腰花,0.011,1.0
凉拌菠菜---爆炒猪肝---自制猪肉脯---豌豆薯仔猪骨汤---芹菜炒腰花,0.011,1.0
农夫山泉NFC果汁100%橙汁---谷稻小庄---辣炒鱿鱼,0.011,0.714
孜然羊排---自制猪肉脯---蒙古烤羊腿---辣炒鱿鱼---凉拌菠菜,0.011,1.0
凉拌菠菜---炝炒大白菜---焖猪手---芹菜炒腰花---自制猪肉脯,0.011,1.0
凉拌菠菜---炝炒大白菜---自制猪肉脯---芹菜炒腰花---焖猪手,0.011,1.0
凉拌菠菜---剁椒鱼头---自制猪肉脯---豌豆薯仔猪骨汤---焖猪手,0.011,1.0
剁椒鱼头---焖猪手---自制猪肉脯---豌豆薯仔猪骨汤---凉拌菠菜,0.011,1.0
凉拌菠菜---爆炒猪肝---自制猪肉脯---豌豆薯仔猪骨汤---焖猪手,0.011,1.0
凉拌菠菜---剁椒鱼头---姜葱炒花蟹---蒙古烤羊腿---辣炒鱿鱼,0.011,1.0
爆炒双丝---蛋挞---西瓜胡萝卜沙拉,0.011,0.714
五色糯米饭(七色)---芝麻烤紫菜---西瓜胡萝卜沙拉,0.011,0.714
大蒜苋菜---清蒸海鱼---凉拌菠菜,0.011,0.714
姜葱炒花蟹---焖猪手---芹菜炒腰花---辣炒鱿鱼---凉拌菠菜,0.011,1.0
辣炒鱿鱼---鱼香肉丝拌面---谷稻小庄,0.011,0.714
照烧鸡腿---蒙古烤羊腿---谷稻小庄,0.011,0.714
凉拌菠菜---自制猪肉脯---麻辣小龙虾---焖猪手,0.011,0.714
凉拌菠菜---爆炒猪肝---麻辣小龙虾---辣炒鱿鱼,0.011,0.714
剁椒鱼头---姜葱炒花蟹---蒙古烤羊腿---辣炒鱿鱼---凉拌菠菜,0.011,1.0
凉拌菠菜---姜葱炒花蟹---自制猪肉脯---芹菜炒腰花---辣炒鱿鱼,0.011,1.0
姜葱炒花蟹---自制猪肉脯---芹菜炒腰花---辣炒鱿鱼---凉拌菠菜,0.011,1.0
凉拌菠菜---姜葱炒花蟹---芹菜炒腰花---蒙古烤羊腿---焖猪手,0.011,1.0
姜葱炒花蟹---焖猪手---芹菜炒腰花---蒙古烤羊腿---凉拌菠菜,0.011,1.0
炝炒大白菜---焖猪手---辣炒鱿鱼---凉拌菠菜,0.011,0.714
炝炒大白菜---焖猪手---芹菜炒腰花---凉拌菠菜,0.011,0.714
凉拌菠菜---炝炒大白菜---美妙绝伦之白莲花---焖猪手,0.011,0.714
清蒸海鱼---芝士烩波士顿龙虾---芹菜炒腰花---自制猪肉脯,0.011,1.0
凉拌菠菜---炝炒大白菜---焖猪手---自制猪肉脯---芹菜炒腰花,0.011,0.909
剁椒鱼头---爆炒猪肝---蒙古烤羊腿---辣炒鱿鱼---凉拌菠菜,0.011,0.909
自制猪肉脯---蒙古烤羊腿---豌豆薯仔猪骨汤---焖猪手,0.011,1.0
孜然羊排---焖猪手---芹菜炒腰花---自制猪肉脯,0.011,1.0
焖猪手---自制猪肉脯---香烤牛排---芹菜炒腰花,0.011,1.0
自制猪肉脯---芹菜炒腰花---香烤牛排---焖猪手,0.011,1.0
水煮鱼---自制猪肉脯---蒙古烤羊腿---辣炒鱿鱼,0.011,1.0
剁椒鱼头---姜葱炒花蟹---蒙古烤羊腿---辣炒鱿鱼,0.011,1.0
剁椒鱼头---芝士烩波士顿龙虾---芹菜炒腰花---焖猪手,0.011,1.0
凉拌菠菜---剁椒鱼头---谷稻小庄---辣炒鱿鱼---蒙古烤羊腿,0.011,0.909
清蒸海鱼---爆炒猪肝---自制猪肉脯---凉拌菠菜,0.011,0.714
凉拌菠菜---剁椒鱼头---蒙古烤羊腿---谷稻小庄---辣炒鱿鱼,0.011,0.909
剁椒鱼头---芹菜炒腰花---辣炒鱿鱼---香酥两吃大虾---凉拌菠菜,0.011,0.909
凉拌菠菜---孜然羊排---自制猪肉脯---蒙古烤羊腿---辣炒鱿鱼,0.011,0.909
孜然羊排---自制猪肉脯---芹菜炒腰花---辣炒鱿鱼---凉拌菠菜,0.011,0.909
自制猪肉脯---芹菜炒腰花---豌豆薯仔猪骨汤---辣炒鱿鱼---凉拌菠菜,0.011,0.909
剁椒鱼头---焖猪手---爆炒猪肝---芹菜炒腰花---辣炒鱿鱼---自制猪肉脯,0.011,0.833
焖猪手---爆炒猪肝---自制猪肉脯---芝士烩波士顿龙虾---芹菜炒腰花---谷稻小庄,0.011,0.833
清蒸海鱼---芝士烩波士顿龙虾---芹菜炒腰花---焖猪手,0.011,1.0
美妙绝伦之白莲花---芹菜炒腰花---豌豆薯仔猪骨汤---凉拌菠菜,0.011,1.0
剁椒鱼头---焖猪手---自制猪肉脯---蒙古烤羊腿---凉拌菠菜,0.011,0.909
剁椒鱼头---焖猪手---芹菜炒腰花---蒙古烤羊腿---凉拌菠菜,0.011,0.909
剁椒鱼头---焖猪手---芹菜炒腰花---香酥两吃大虾---凉拌菠菜,0.011,0.909
凉拌菠菜---焖猪手---爆炒猪肝---美妙绝伦之白莲花---自制猪肉脯,0.011,0.909
凉拌菠菜---清蒸海鱼---自制猪肉脯---爆炒猪肝,0.011,0.714
孜然羊排---爆炒猪肝---芹菜炒腰花---自制猪肉脯,0.011,1.0
自制猪肉脯---蒙古烤羊腿---豌豆薯仔猪骨汤---辣炒鱿鱼,0.011,1.0
凉拌菠菜---清蒸海鱼---自制猪肉脯---谷稻小庄,0.011,0.714
白胡椒胡萝卜羊肉汤---蒙古烤羊腿---辣炒鱿鱼---凉拌菠菜,0.011,0.714
凉拌菠菜---孜然羊排---芹菜炒腰花---辣炒鱿鱼,0.011,0.714
凉拌菠菜---蒙古烤羊腿---香烤牛排---辣炒鱿鱼,0.011,0.714
焖猪手---美妙绝伦之白莲花---谷稻小庄---芝士烩波士顿龙虾,0.011,0.714
自制猪肉脯---芝士烩波士顿龙虾---辣炒鱿鱼---焖猪手,0.011,0.714
炝炒大白菜---焖猪手---芝士烩波士顿龙虾---谷稻小庄,0.011,0.714
炝炒大白菜---焖猪手---芝士烩波士顿龙虾---美妙绝伦之白莲花,0.011,0.714
炝炒大白菜---焖猪手---芝士烩波士顿龙虾---自制猪肉脯,0.011,0.714
姜葱炒花蟹---焖猪手---芹菜炒腰花---辣炒鱿鱼,0.011,0.714
姜葱炒花蟹---自制猪肉脯---辣炒鱿鱼---焖猪手,0.011,0.714
姜葱炒花蟹---焖猪手---芹菜炒腰花---蒙古烤羊腿,0.011,0.714
姜葱炒花蟹---焖猪手---芹菜炒腰花---自制猪肉脯,0.011,0.714
姜葱炒花蟹---自制猪肉脯---辣炒鱿鱼---芹菜炒腰花,0.011,0.714
焖猪手---芹菜炒腰花---辣炒鱿鱼---香酥两吃大虾---凉拌菠菜,0.011,0.909
焖猪手---爆炒猪肝---美妙绝伦之白莲花---自制猪肉脯---凉拌菠菜,0.011,0.909
凉拌菠菜---孜然羊排---芹菜炒腰花---辣炒鱿鱼---自制猪肉脯,0.011,1.0
剁椒鱼头---美妙绝伦之白莲花---自制猪肉脯---芹菜炒腰花---凉拌菠菜,0.011,1.0
焖猪手---爆炒猪肝---谷稻小庄---辣炒鱿鱼---芹菜炒腰花,0.011,1.0
五色糯米饭(七色)---紫薯面包卷---谷稻小庄,0.011,0.588
孜然羊排---香菇鹌鹑蛋---凉拌菠菜,0.011,0.588
小米南瓜粥---芹菜炒腰花---凉拌菠菜,0.011,0.588
蒙古烤羊腿---酸辣藕丁---凉拌菠菜,0.011,0.588
水煮鱼---白斩鸡---辣炒鱿鱼,0.011,0.588
水煮鱼---炝炒大白菜---谷稻小庄,0.011,0.588
白胡椒胡萝卜羊肉汤---自制猪肉脯---水煮鱼,0.011,0.588
自制猪肉脯---香烤牛排---焖猪手,0.011,0.588
大蒜苋菜---自制猪肉脯---焖猪手,0.011,0.588
大蒜苋菜---自制猪肉脯---爆炒猪肝,0.011,0.588
白胡椒胡萝卜羊肉汤---自制猪肉脯---谷稻小庄,0.011,0.588
独家薄荷鲜虾牛肉卷---番茄炖牛腩---谷稻小庄,0.011,0.588
独家薄荷鲜虾牛肉卷---自制猪肉脯---谷稻小庄,0.011,0.588
孜然羊排---香烤牛排---蒙古烤羊腿,0.011,0.588
自制猪肉脯---香烤牛排---芹菜炒腰花,0.011,0.588
大蒜苋菜---自制猪肉脯---芹菜炒腰花,0.011,0.588
炝炒大白菜---豌豆薯仔猪骨汤---自制猪肉脯,0.011,0.588
焖猪手---芹菜炒腰花---麻辣小龙虾---辣炒鱿鱼,0.011,0.588
凉拌菠菜---爆炒猪肝---芝士烩波士顿龙虾---谷稻小庄,0.011,0.588
凉拌菠菜---爆炒猪肝---芝士烩波士顿龙虾---芹菜炒腰花,0.011,0.588
凉拌菠菜---爆炒猪肝---芝士烩波士顿龙虾---自制猪肉脯,0.011,0.588
水煮鱼---蛋挞---凉拌菠菜,0.011,0.588
番茄炖牛腩---自制猪肉脯---辣炒鱿鱼,0.011,0.588
剁椒鱼头---自制猪肉脯---芹菜炒腰花---豌豆薯仔猪骨汤---凉拌菠菜,0.011,1.0
剁椒鱼头---自制猪肉脯---豌豆薯仔猪骨汤---芹菜炒腰花,0.011,0.909
清爽拌凉面---鱼香肉丝拌面---水煮鱼,0.011,0.769
清爽拌凉面---芝士烩波士顿龙虾---五色糯米饭(七色),0.011,0.769
清爽拌凉面---蒙古烤羊腿---凉拌菠菜,0.011,0.769
农夫山泉NFC果汁100%橙汁---美妙绝伦之白莲花---凉拌菠菜,0.011,0.769
剁椒鱼头---自制猪肉脯---豌豆薯仔猪骨汤---焖猪手,0.011,0.909
芹菜炒腰花---蒙古烤羊腿---豌豆薯仔猪骨汤---焖猪手,0.011,0.909
炝炒大白菜---美妙绝伦之白莲花---自制猪肉脯---焖猪手,0.011,0.909
芹菜炒腰花---蒙古烤羊腿---豌豆薯仔猪骨汤---辣炒鱿鱼,0.011,0.909
剁椒鱼头---美妙绝伦之白莲花---自制猪肉脯---芹菜炒腰花,0.011,0.909
水煮鱼---蒙古烤羊腿---辣炒鱿鱼---麻辣小龙虾---凉拌菠菜,0.011,0.909
42度海之蓝---香酥两吃大虾,0.011,0.588
凉拌菠菜---水煮鱼---蒙古烤羊腿---麻辣小龙虾---辣炒鱿鱼,0.011,0.909
自制猪肉脯---芹菜炒腰花---辣炒鱿鱼---麻辣小龙虾---焖猪手,0.011,0.909
凉拌菠菜---芝士烩波士顿龙虾---芹菜炒腰花---谷稻小庄---焖猪手,0.011,0.909
凉拌菠菜---美妙绝伦之白莲花---芝士烩波士顿龙虾---芹菜炒腰花---焖猪手,0.011,0.909
清蒸海鱼---焖猪手---自制猪肉脯---芹菜炒腰花---芝士烩波士顿龙虾,0.011,1.0
清蒸海鱼---焖猪手---芝士烩波士顿龙虾---芹菜炒腰花---自制猪肉脯,0.011,1.0
清蒸海鱼---自制猪肉脯---芝士烩波士顿龙虾---芹菜炒腰花---焖猪手,0.011,1.0
清蒸海鱼---焖猪手---自制猪肉脯---谷稻小庄---芝士烩波士顿龙虾,0.011,1.0
焖猪手---爆炒猪肝---芝士烩波士顿龙虾---谷稻小庄---自制猪肉脯,0.011,1.0
凉拌菠菜---清蒸海鱼---爆炒猪肝---谷稻小庄,0.011,0.588
凉拌菠菜---清蒸海鱼---爆炒猪肝---自制猪肉脯,0.011,0.588
清蒸海鱼---自制猪肉脯---谷稻小庄---凉拌菠菜,0.011,0.588
焖猪手---爆炒猪肝---自制猪肉脯---辣炒鱿鱼---剁椒鱼头,0.011,0.588
凉拌菠菜---剁椒鱼头---焖猪手---自制猪肉脯---豌豆薯仔猪骨汤,0.011,0.588
凉拌菠菜---爆炒猪肝---芹菜炒腰花---辣炒鱿鱼---剁椒鱼头,0.011,0.588
凉拌菠菜---剁椒鱼头---芹菜炒腰花---辣炒鱿鱼---爆炒猪肝,0.011,0.588
凉拌菠菜---剁椒鱼头---芹菜炒腰花---辣炒鱿鱼---香酥两吃大虾,0.011,0.588
焖猪手---芹菜炒腰花---谷稻小庄---辣炒鱿鱼---爆炒猪肝,0.011,0.588
焖猪手---芹菜炒腰花---蒙古烤羊腿---辣炒鱿鱼---爆炒猪肝,0.011,0.588
焖猪手---爆炒猪肝---自制猪肉脯---辣炒鱿鱼---谷稻小庄,0.011,0.588
焖猪手---芹菜炒腰花---蒙古烤羊腿---辣炒鱿鱼---豌豆薯仔猪骨汤,0.011,0.588
焖猪手---自制猪肉脯---蒙古烤羊腿---辣炒鱿鱼---豌豆薯仔猪骨汤,0.011,0.588
剁椒鱼头---焖猪手---蒙古烤羊腿---辣炒鱿鱼---谷稻小庄,0.011,0.588
孜然羊排---谷稻小庄---辣炒鱿鱼---凉拌菠菜,0.011,0.588
剁椒鱼头---焖猪手---蒙古烤羊腿---辣炒鱿鱼---豌豆薯仔猪骨汤,0.011,0.588
焖猪手---自制猪肉脯---蒙古烤羊腿---辣炒鱿鱼---剁椒鱼头,0.011,0.588
剁椒鱼头---焖猪手---蒙古烤羊腿---辣炒鱿鱼---自制猪肉脯,0.011,0.588
爆炒猪肝---自制猪肉脯---芹菜炒腰花---辣炒鱿鱼---剁椒鱼头,0.011,0.588
焖猪手---自制猪肉脯---芹菜炒腰花---谷稻小庄---辣炒鱿鱼---爆炒猪肝,0.011,0.588
焖猪手---爆炒猪肝---芝士烩波士顿龙虾---谷稻小庄---芹菜炒腰花,0.011,1.0
美妙绝伦之白莲花---自制猪肉脯---芝士烩波士顿龙虾---芹菜炒腰花---凉拌菠菜,0.011,0.909
凉拌菠菜---美妙绝伦之白莲花---芝士烩波士顿龙虾---芹菜炒腰花---自制猪肉脯,0.011,0.909
凉拌菠菜---剁椒鱼头---自制猪肉脯---豌豆薯仔猪骨汤---芹菜炒腰花,0.011,1.0
凉拌菠菜---焖猪手---自制猪肉脯---豌豆薯仔猪骨汤---剁椒鱼头,0.011,0.588
凉拌菠菜---剁椒鱼头---焖猪手---自制猪肉脯---蒙古烤羊腿,0.011,0.588
凉拌菠菜---焖猪手---自制猪肉脯---蒙古烤羊腿---剁椒鱼头,0.011,0.588
凉拌菠菜---焖猪手---自制猪肉脯---豌豆薯仔猪骨汤---爆炒猪肝,0.011,0.588
凉拌菠菜---爆炒猪肝---豌豆薯仔猪骨汤---自制猪肉脯,0.011,0.588
美妙绝伦之白莲花---芝士烩波士顿龙虾---谷稻小庄---焖猪手,0.011,0.588
炝炒大白菜---焖猪手---谷稻小庄---芝士烩波士顿龙虾,0.011,0.588
炝炒大白菜---焖猪手---自制猪肉脯---芝士烩波士顿龙虾,0.011,0.588
姜葱炒花蟹---焖猪手---辣炒鱿鱼---芹菜炒腰花,0.011,0.588
姜葱炒花蟹---焖猪手---辣炒鱿鱼---自制猪肉脯,0.011,0.588
姜葱炒花蟹---焖猪手---蒙古烤羊腿---芹菜炒腰花,0.011,0.588
姜葱炒花蟹---焖猪手---辣炒鱿鱼---剁椒鱼头,0.011,0.588
姜葱炒花蟹---蒙古烤羊腿---辣炒鱿鱼---剁椒鱼头,0.011,0.588
清蒸海鱼---自制猪肉脯---谷稻小庄---焖猪手,0.011,0.588
焖猪手---美妙绝伦之白莲花---芹菜炒腰花---辣炒鱿鱼,0.011,0.588
焖猪手---美妙绝伦之白莲花---芹菜炒腰花---爆炒猪肝,0.011,0.588
剁椒鱼头---焖猪手---谷稻小庄---爆炒猪肝,0.011,0.588
焖猪手---蒙古烤羊腿---谷稻小庄---剁椒鱼头,0.011,0.588
剁椒鱼头---焖猪手---谷稻小庄---蒙古烤羊腿,0.011,0.588
炝炒大白菜---焖猪手---自制猪肉脯---美妙绝伦之白莲花,0.011,0.588
清蒸海鱼---自制猪肉脯---谷稻小庄---爆炒猪肝,0.011,0.588
自制猪肉脯---芹菜炒腰花---蒙古烤羊腿---剁椒鱼头,0.011,0.588
凉拌菠菜---水煮鱼---蒙古烤羊腿---辣炒鱿鱼---麻辣小龙虾,0.011,0.588
美妙绝伦之白莲花---香菇鹌鹑蛋---凉拌菠菜,0.011,0.588
